Delay,Delay,,,,,,,,,,,
mm,ps,,,,,,,,,,,
,,60,70,80,90,100,110,120,130,140,150,160
223,-13.34,958.239363567879,1057.20653748114,1109.40384260584,841.004887870199,974.797085063627,1017.4672489083,928.206890683347,781.939058132057,882.858189689797,652.385129490393,106.804834223099
222.95,-13.0064999999999,290.78779174915,359.868948028698,155.306432533592,256.067159888837,501.52226036336,268.558951965065,246.603657042679,357.948190407846,323.341085221441,219.979114452799,75.7240136540479
222.9,-12.673,151.207851104016,315.645328952703,67.1797829429655,175.732364629594,219.243378792497,384.279475982533,226.862681964225,207.644148766398,130.808848690002,133.116123642439,41.5574589302961
222.85,-12.3395,118.547230415406,53.9558772860985,105.208583376869,70.2929458518375,144.158195642772,379.912663755458,93.1969127103492,112.411806660534,224.318699118778,84.8329156223893,199.125627878841
222.8,-12.0060000000001,106.23954994903,-15.4808718647386,232.062115138456,213.389299907364,27.6682967515837,50.2183406113537,126.468643032925,56.5858286928019,204.458623927298,183.659147869674,159.305720897261
222.75,-11.6725,123.871791762632,258.456908536981,188.09851630558,291.213632814756,200.651253545906,159.38864628821,206.428999228516,18.6041846641756,328.945710585625,161.060985797828,20.4649374554902
222.7,-11.3389999999999,201.96805548638,268.660990169634,23.9541562321214,133.054504648121,142.064251249617,334.061135371179,281.251253184609,162.574617337132,198.961723332435,66.8379281537176,63.9326536850259
222.65,-11.0055,237.179432081748,163.702179661847,83.0694396610971,203.347450499959,154.309390392804,122.270742358079,250.266266230851,199.441053839201,204.373921580552,129.707602339181,-14.7996744838323
222.6,-10.672,-194.719401208053,96.7465511528691,144.952670364685,266.109009296242,271.27164798257,135.371179039301,188.210897553074,148.993299140702,129.513570282389,22.1888053467001,83.9390286580903
222.55,-10.3385000000001,83.8987883574936,153.637897561801,188.8564336201,170.711439925891,245.290089849505,170.305676855895,224.945982599876,129.482865899364,187.451460326757,116.775271512114,191.889562952077
222.5,-10.005,68.1162896304216,138.349250054397,76.9551345297383,55.2301717407295,119.38196660263,246.724890829694,217.279185142483,111.201617793343,187.104403204298,161.303258145363,52.5902170278808
222.45,-9.67149999999992,153.684257166205,105.37820910561,200.861212284326,30.1255482222161,135.554382836358,355.89519650655,289.387721878445,220.6991437482,46.9514761981913,184.310776942356,101.675553373757
222.4,-9.33800000000004,-20.1723763139936,225.293643230859,208.227630061259,266.109009296242,119.056201982921,257.64192139738,200.337322054421,121.31776350842,60.7208739756611,167.710944026734,24.1901663433355
222.35,-9.00449999999996,-9.97997409332582,-155.944268787901,296.454005614322,220.920686962918,86.2390108168868,170.305676855895,256.258316172973,135.222018263005,310.172851606668,216.662489557226,36.704396042307
222.3,-8.67100000000008,232.194755738269,76.9500108427196,203.090639361781,125.523117592567,141.950233632719,67.6855895196507,202.481740806136,135.089044386118,184.059064497293,91.1487050960735,114.243381284961
222.25,-8.3375,131.800216048453,62.9367130084382,224.556081014112,200.836988148107,-39.3433478102792,85.1528384279476,315.59996763062,242.217609118052,100.386731777999,13.6006683375104,34.2439743636419
222.2,-8.00399999999993,128.877710918846,-23.0815082645007,98.6798636844056,85.3557199629456,175.663277502953,109.170305676856,-107.809335044461,77.1220604129845,136.159367013947,162.393483709273,-33.1280510773273
222.15,-7.67050000000004,123.946141607202,317.427451931527,90.3959670530548,85.3557199629456,2.46857370581976,65.5021834061135,44.9854134343221,102.409638554217,108.597549036433,87.0885547201337,120.11708174863
222.1,-7.33699999999996,136.115743790805,429.84709930647,276.983083210726,281.17178340735,-58.1960847526378,10.9170305676856,171.710240778035,137.932912312209,147.214848127846,48.7844611528822,127.992641408539
222.05,-7.00350000000008,86.0565522286696,338.010364612592,263.68186703482,87.8661823147969,48.8267250899076,207.423580786026,82.7452357242733,70.2241356936117,98.7213738253537,49.4360902255639,141.161960368119
222,-6.67,149.23065114108,-40.8512764137641,77.9523941541061,60.2510964444322,272.893233677146,89.5196506550218,148.520143437064,159.318403805174,241.117800524229,70.4135338345865,8.28052393010318
221.95,-6.33649999999992,203.860284198378,95.1217026482288,306.827712975715,-110.460343481459,314.656290500289,91.703056768559,202.638297884951,276.373151570918,56.603954135157,0.48454469507101,58.2793014271972
221.9,-6.00300000000004,110.969312539699,210.19722008079,333.450090520013,7.53138705555402,186.605358167303,168.122270742358,178.029637339496,405.248136890226,250.770278461195,7.89055973266499,25.1691164206137
221.85,-5.66949999999996,138.57090704026,238.520568694225,196.083235049621,338.912417499931,149.437395905106,253.275109170306,121.667436907922,323.03279722991,196.386801596232,18.9473684210526,23.3065019766911
221.8,-5.33600000000008,113.445718601888,184.93166518122,389.139235322293,123.012655240716,244.182490142494,266.375545851528,-28.8263357403324,228.00941407344,156.782623718066,130.739348370927,81.5143391209129
221.75,-5.0025,100.914988601804,181.629222285293,202.970968206856,155.648665814783,136.850203911225,213.973799126638,175.458244736469,305.923745454826,301.776994575718,182.886382623225,23.0980644846794
221.7,-4.66899999999992,15.1983213768814,302.505778197217,249.782295084295,55.2301717407295,281.073552477939,262.008733624454,310.219913542045,166.70465920292,174.900025953704,207.573099415205,85.5753395392572
221.65,-4.33550000000004,85.9715809777328,181.786496759476,350.472188728794,85.3557199629456,20.4091697129934,157.205240174673,326.734802778795,272.224113437003,195.338242885307,21.7335004177109,197.542915209906
221.6,-4.00199999999996,232.269105582839,114.988142724682,229.074770746483,90.3766446666482,79.4522424768744,242.35807860262,233.722912070681,209.538203286152,41.0228161341233,131.754385964912,127.132798469553
221.55,-3.66850000000008,118.398530726266,94.8595785245902,169.500747890298,52.7197093888782,132.841485665756,74.235807860262,71.6673304229397,292.285438454017,127.802167484595,167.105263157895,150.183220098916
221.5,-3.335,156.734219172217,145.792611979976,69.6286071377805,-45.1883223333241,71.932503742517,275.109170305677,250.508218079928,167.977409167413,122.266609388133,144.991645781119,145.330157210927
221.45,-3.00149999999992,186.514820356688,153.585472737073,118.549689937749,203.347450499959,442.006828900901,124.454148471616,136.308324165454,258.6617915087,146.490324116805,155.350877192982,226.707523122803
221.4,-2.66800000000004,340.570826745741,102.914563405326,206.077983753754,188.284676388851,293.530438623936,237.991266375546,324.277269869451,222.5552057317,411.322764897306,246.015037593985,225.561823051916
221.35,-2.33449999999996,2705.96620579427,2340.3526489076,2455.2798951578,2583.26576005503,2836.38769144665,3087.33624454148,2675.90064301816,2612.90115085311,2807.2215048078,2971.36591478697,1847.42914306325
221.3,-2.00100000000008,5860.75185246534,5603.38863426131,5682.96329813868,5462.76607762852,5904.58242804472,5766.37554585153,5210.62059343731,4722.57293612466,4861.49973991126,4818.48370927318,3086.11514440518
221.25,-1.6675,7476.64499604552,7167.6191350702,6683.52853233495,6600.00552301717,6927.71035386473,6606.98689956332,6381.90149065916,5589.37009457602,5724.85968621914,5461.44110275689,3376.4694640811
221.2,-1.33399999999992,7767.03979575908,7433.95627907216,6977.71322048684,6979.08533814673,7535.57131836924,7137.55458515284,6611.56328461377,5829.97859319622,6183.08788246949,5526.64578111947,3388.40375261608
221.15,-1.00050000000004,7840.08765470115,7440.80549298415,6867.00863294572,7064.44105810967,7518.92654343694,7342.79475982533,6562.14670905892,6080.89320021276,6320.89697235706,5633.12030075188,3481.02826947446
221.1,-0.666999999999962,7706.68198791261,7605.03192089328,6880.48935585402,6876.15638172082,7484.74837827209,7078.60262008734,6761.90050018321,6125.48782493886,6136.46782831473,5745.6850459482,3484.75349836231
221.05,-0.333500000000076,7804.63198575934,7351.74695293893,6895.8205471825,6928.8760911097,7465.70018255791,7050.21834061135,6846.74745727407,6248.01577731447,6240.169640919,5822.20133667502,3475.47020292727
221,0,7774.47963535202,7395.41137388449,6935.81948719152,7210.04787451705,7342.11403893799,7248.90829694323,6834.16559399799,6288.95526687795,6406.50440514826,5950.78947368421,3725.44254052836
220.95,0.333500000000076,7799.9234659814,7523.10219382526,7106.67650817096,7094.56660633189,7587.40412878749,7334.06113537118,6989.8021518523,6577.77553285061,6642.41068227591,6095.50960735171,3830.08103710489
220.9,0.666999999999962,7951.64114459104,7420.99147773243,6969.90800847519,7102.09799338744,7674.84123129333,7445.41484716157,7280.86462124602,6536.79805075088,6645.10896386046,6154.04761904762,3821.05382201718
220.85,1.00050000000004,7787.28652191765,7412.58699402018,6812.01313539937,7129.71307925781,7752.36241168691,7486.89956331878,7168.93723823865,6639.39765198637,6820.56410913171,6382.37259816207,3905.86460432809
220.8,1.33399999999992,7840.23635439029,7316.38216605616,7080.37325370646,6996.65857460969,7719.8546969096,7709.60698689956,7330.35235910942,6817.662173282,6922.24611931732,6158.18295739348,4003.53502703901
220.75,1.6675,7628.12900371508,7280.02130750357,7212.26405020509,7182.43278864669,7705.43417221833,7591.70305676856,7452.31867771326,6774.75264412626,6763.23563098551,6621.01086048454,4060.10655330207
220.7,2.00100000000008,7666.01859309361,7262.54861336109,7170.47004287221,7157.32816512817,7660.64874183586,7366.81222707424,7235.52339626893,6648.72152673304,6742.08027738642,6446.33249791145,3953.07541551621
220.65,2.33449999999996,7764.12791203584,7151.91108896497,7095.34543157017,6858.58314525786,7656.94949997912,7451.96506550218,7136.44829331014,6593.09893542178,6699.53109822702,6322.00083542189,3809.33392633114
220.6,2.66800000000004,7456.49386254426,7441.95883912817,6959.15534245654,7107.11891809115,7561.48772357837,7216.15720524017,6934.05194727427,6558.7154377514,6585.49832851989,6295.93567251462,3746.85069591964
220.55,3.00149999999992,7413.87451057506,7136.62244145757,6833.73786455404,6898.75054288748,7593.86513250779,7340.61135371179,6822.3949810394,6302.70755148752,6447.7122610549,5935.10025062657,3766.77965125282
220.5,3.335,7532.64479052417,6926.39027149363,6935.67987084411,6868.62499466527,7519.10571397778,7179.03930131004,6733.5153707559,6258.18891183393,6304.76071503848,5622.2305764411,3537.97129940951
220.45,3.66850000000008,7344.88726562253,6968.01044533673,6579.49228083371,6795.82158646158,7241.84542097348,7052.40174672489,6690.23316976027,6004.24604650295,6334.23461066532,5816.05263157895,3543.50554452904
220.4,4.00199999999996,7065.19469563525,6753.14805797901,6801.32030495818,6783.26927470232,7027.44146020671,6936.68122270742,6547.91856319099,5931.36800556451,6162.61100803629,5665.59314954052,3517.7445762306
220.35,4.33550000000004,7153.63206126881,6863.10405965367,6881.80130407705,6728.03910296159,7065.04920470552,6908.29694323144,6557.82940663207,5830.35851855875,6077.59735206423,5652.28070175439,3343.25208265006
220.3,4.66899999999992,7226.58432755357,6923.99652555965,6765.76027391158,6675.31939357271,7026.77364273631,6941.0480349345,6287.95494044471,5876.58125005083,5735.74576263955,5484.88721804511,3360.31338049109
220.25,5.0025,7226.96669818279,6724.78975948243,6651.74921889869,6707.95540414678,6904.29509882339,6737.99126637555,6313.93946680952,5792.26289692136,5522.95296160547,5220.09189640769,3265.90366882867
220.2,5.33600000000008,7146.17097886314,6798.48975225395,6680.92014660024,6587.45321125792,6980.96929120573,6836.24454148472,6197.0732360266,5739.24279434347,5590.36567715784,5244.6574770259,3228.23223342292
220.15,5.66949999999996,7083.1349582335,6704.50392080815,6562.33056627751,6502.09749129497,7072.24317882016,7061.13537117904,6202.46752257689,5522.50272604792,5710.45046677737,5164.24812030075,3245.64716886519
220.1,6.00300000000004,7047.97668866997,6861.00738772648,6468.62813175269,6203.35247142466,6973.87304647699,6698.68995633188,6296.76988433409,5778.41563097116,5938.80138338991,5397.10108604845,3299.96302712796
220.05,6.33649999999992,7267.36455784261,6773.87077019269,6662.10298106759,6361.5115995913,7025.47782166144,6818.77729257642,6485.66394004927,5738.4829436184,5791.33981556538,5388.52965747703,3367.84125790667
220,6.67,6939.08016875051,6745.30277239719,6626.40333367358,6615.06829712828,6934.5459868977,6799.12663755458,6509.40442043039,5871.41198573099,5922.31806894887,5498.17042606516,3336.25423199988
219.95,7.00350000000008,7093.42295311147,6673.83925108546,6587.89584861998,6707.95540414678,7091.09591576252,7037.11790393013,6476.95817288701,5863.49383482569,6072.74027313366,5531.24895572264,3407.07753991062
219.9,7.33699999999996,7211.53470586583,6983.00201883734,6749.97034315588,6798.33204881343,7055.72870973574,7117.903930131,6582.39536979239,6064.94292079341,6444.70557984949,5655.09607351713,3568.53768774062
219.85,7.67050000000004,7019.71656697465,6774.0804694916,6579.77151352853,6828.45759703565,7127.93811340501,7058.9519650655,6865.32137049227,6176.31550499989,6352.61436767667,5717.61904761905,3534.4664187275
219.8,8.00399999999993,7029.93021200805,7010.99334356084,6742.82332249631,6728.03910296159,7433.3064853975,7039.30131004367,6754.02021580016,6440.60247126347,6526.83591446449,5785.3216374269,3603.12707280531
219.75,8.3375,7330.13504331307,6858.94534462052,6832.56109819729,7009.21088636894,7419.78181341043,7251.09170305677,6847.07480389341,6533.12391932013,6524.65409469589,5938.27903091061,3639.40863850668
219.7,8.67100000000008,7247.12845309041,7033.69040311067,6737.72622218181,6986.61672520228,7386.55741646976,7227.07423580786,6917.08161926279,6369.27655201851,6599.08268652485,5902.77777777778,3539.87560135183
219.65,9.00449999999996,7380.74654800629,6998.84986447518,6885.10777154882,6953.98071462821,7341.8697154732,7320.96069868996,6898.82082020222,6403.9449937108,6756.52815432978,6069.51963241437,3698.79195250636
219.6,9.33800000000004,7344.95099406074,7039.8758903047,6835.14953873951,6830.9680593875,7295.26724062433,7120.08733624454,6886.53783862205,6491.84249693038,6547.64421094112,6141.75020885547,3614.47178100574
219.55,9.67149999999992,7355.55763112972,7077.86159736194,6807.05565143228,6866.11453231342,7580.01469590102,7163.75545851528,6993.47899350218,6250.36574226927,6546.90405185106,6072.30576441103,3628.63196075642
219.5,10.005,7183.71006183156,6845.2643917381,6914.8127849664,6908.79239229489,7500.05751826359,7065.50218340611,6826.39916930862,6131.68288773754,6237.53303925862,6149.7619047619,3659.31150086891
219.45,10.3385000000001,7264.64385943398,6931.24766312789,6923.29613352262,7172.39093923928,7514.64092526472,7091.70305676856,6983.18387359492,6087.62015851899,6296.68889270741,6099.67418546366,3549.07552179007
219.4,10.672,7115.77433610938,6894.5198308022,6906.50894314256,6848.54129585046,7157.96096624552,7037.11790393013,6743.19849480962,5967.93050177655,6309.59477154647,5892.41854636591,3480.91511769309
219.35,11.0055,7140.71896063951,6890.37891177255,6814.74119228901,6517.16026540608,7285.53953987992,6853.71179039301,6580.37904319607,6177.84863042524,6001.27231766496,5790.13784461153,3427.17920059432
219.3,11.3389999999999,6942.20448060109,6788.94971840118,6639.38542676969,6494.56610423942,7155.45981607773,6676.85589519651,6599.56495226782,5886.20906508753,6013.66912203162,5839.6783625731,3370.30167958534
219.25,11.6725,6956.79738181505,6889.12103704101,6554.08656003114,6630.13107123939,7151.27192729142,6672.48908296943,6332.44221771917,5690.00522851216,5981.10384285262,5491.68755221387,3331.46072268104
219.2,12.0060000000001,6951.57903453149,6683.92100812709,6533.05991261353,6630.13107123939,7029.77972806465,6790.39301310044,6167.27909288996,5626.40749749123,5955.10704540198,5406.09857978279,3292.92348897938
219.15,12.3395,7060.1038052281,6796.86490374931,6417.31806033537,6188.28969731355,7132.90783727862,6694.3231441048,6195.99156893661,5646.84874787078,5634.91163631332,5305.65162907268,3311.49603520637
219.1,12.673,6798.00099142896,6811.31475406107,6423.09329719444,6281.17680433205,7018.15354169891,6831.87772925764,6208.54496728927,5745.81221021177,5794.76262116096,5360.14619883041,3292.75078362886
219.05,13.0064999999999,6822.46765267257,6466.01830199708,6600.49898305883,6532.22303951719,6813.02121120895,6681.22270742358,6357.03664580291,5703.41558029545,5553.39810094005,5405.37176274018,3244.88856699376
219,13.34,6739.67349057725,6620.26782251404,6324.67272101237,6497.07656659127,6929.41338071423,6781.65938864629,6359.26645932489,5679.71811638394,5837.84389721534,5432.22639933166,3139.84510614703
218.95,13.6735000000001,6992.25305075686,6639.97698811631,6577.90109991585,6642.68338299865,6941.80511393629,6825.32751091703,6319.97421413677,5758.18333954101,5699.64170536016,5425.57644110276,3260.73865583784
218.9,14.007,7039.88894328864,6719.65276878295,6579.87123949097,6539.75442657274,7048.56731208306,6840.61135371179,6273.15749610836,5721.41188437957,5899.24325035689,5399.39014202172,3363.00606108943
218.85,14.3405,7075.36585504319,6604.64715111669,6598.01026847904,6705.44494179493,7263.21559631462,6788.2096069869,6415.77098437357,5815.92236829662,5801.65513758921,5563.04093567251,3413.31678868936
218.8,14.6739999999999,6966.74549168927,6893.36680572011,6690.73538857198,6778.24834999862,7043.72789405734,6875.54585152838,6531.19018702858,5824.1824520282,6001.21063774079,5835.48454469507,3367.93285980367
218.75,15.0075,7183.78441167613,6555.91563923795,6802.0782222727,6690.38216768382,7102.47777866348,7120.08733624454,6411.51061179356,5898.95454748638,6089.12325014893,5841.51211361738,3407.0298970553
218.7,15.3410000000001,7002.29675328839,6670.8513571379,6492.34294567496,6391.63714781351,7145.69953887134,6901.74672489083,6444.02802164549,5943.92909757502,6187.04278496005,5698.70091896408,3350.96457612999
218.65,15.6745,7012.15989191168,6798.47227731237,6595.38193755184,6778.24834999862,7354.27773692624,6982.5327510917,6692.17833404804,5967.77853163154,6256.86101755513,5735.6432748538,3461.67329994837
218.6,16.008,6946.73243647078,6773.01449805547,6580.42970488061,6778.24834999862,7218.47903062511,7026.20087336245,6771.00477627336,5964.52231809958,6229.44558184853,5844.92063492063,3520.71715860392
218.55,16.3414999999999,7176.5676216169,6632.56857607388,6567.52739255445,6710.46586649863,7267.37090863895,6993.44978165939,6693.81038417818,6222.59522529635,6068.33797609487,5988.74686716792,3617.49796159129
218.5,16.675,7219.19759499247,6755.36705449723,6485.43526732524,6768.20650059121,7316.4908218866,7122.27074235808,6741.85109391369,6222.96957836596,6180.80572527512,6001.36173767753,3518.6520620249
218.45,17.0085000000001,7075.03659144581,6453.28067489784,6673.53378363082,6863.60406996157,7256.41253974362,7237.99126637555,6783.58663954944,6125.39284359823,6239.44511690796,5769.84126984127,3610.69295390566
218.4,17.342,7046.93579084599,6768.20953124593,6636.8967121899,6687.87170533197,7174.76862348768,7181.22270742358,6671.73041885062,6040.25765093931,6293.18877210863,5679.36090225564,3647.85591243039
218.35,17.6755,7181.33986983304,6768.40175560327,6677.75329547588,6657.74615710976,7286.09333973343,6786.02620087336,6506.86617571734,5888.59145028566,6244.14017848858,5643.4962406015,3520.66951574861
218.3,18.0089999999999,6981.68889931334,6731.74382304388,6602.2297803241,6549.79627598015,7096.85652555045,6914.84716157205,6515.30152610709,5925.59086066462,6150.60730563723,5778.27903091061,3536.4838724512
218.25,18.3425,6842.80997148844,6873.2557164616,6548.90967894668,6376.57437370241,7204.85662925212,6836.24454148472,6421.35029292609,6032.187529889,5997.07808282126,5636.62071846282,3540.03639598853
218.2,18.6760000000001,6974.03663159307,6824.4892546997,6628.83221267591,6436.82547014684,6976.29275548985,6934.49781659389,6386.0764684689,5727.89189120016,5852.76957847305,5565.84377610693,3552.94963460078
218.15,19.0095,6686.36253028813,6725.20915808025,6386.43628056103,6431.80454544313,7062.59691923068,6539.30131004367,6223.24278439365,6009.83322872157,6010.62378332462,5480.35923141186,3429.23834181642
218.1,19.343,6911.32987456081,6665.78426620473,6347.70939839007,6600.00552301717,6948.29869411856,6674.67248908297,6390.42223581917,5754.56619691464,5785.64224011897,5433.92230576441,3360.11685371291
218.05,19.6764999999999,6858.29507083723,6580.91907001388,6373.9727624696,6371.5534489987,6978.53329396188,6753.2751091703,6298.91430308581,5522.5597148523,5663.86907012422,5385.33416875522,3308.14826534743
218,20.01,6999.51232644155,6496.33347288825,6346.05838189475,6517.16026540608,6829.78000375816,6753.2751091703,6191.91621835884,5556.75324984142,5698.09970725586,5305.87719298246,3235.34919121139
217.95,20.3435000000001,7029.77089091254,6350.85540985664,6390.18154226753,6278.6663419802,6756.75618853962,6615.72052401747,6272.57396517824,5766.25346059132,5629.41473571845,5438.47953216374,3305.05430429253
217.9,20.677,6863.66211780992,6527.69714027397,6295.48184811833,6441.84639485054,6869.02562218253,6672.48908296943,6332.31412556378,5660.56303994409,5856.92515581516,5363.70509607352,3343.74042191706
217.85,21.0105,6820.69225943061,6527.20784190985,6272.74434862794,6567.36951244311,6932.37060134961,6777.29257641921,6214.15274076521,5510.90487141895,5668.68749155319,5409.70342522974,3214.47106258551
217.8,21.3439999999999,6835.74188111835,6662.79637225717,6340.90144600279,6509.62887835053,6873.93019313219,6500,6084.26344039319,5723.53389411684,5792.00265965224,5487.447786132,3255.99874473123
217.75,21.6775,6742.28797492222,6563.09687703989,6363.61900030069,6341.42790077649,6903.70872250792,6685.58951965065,6142.74159465306,5733.51706595503,5576.9663589254,5343.30409356725,3318.60703763793
217.7,22.0110000000001,6974.82261566423,6629.49330741844,6559.62245458036,6765.69603823936,7046.01729722232,6447.59825327511,6165.36239352561,5822.1174310953,5732.70042393254,5572.82372598162,3321.18656645489
217.65,22.3445,6936.63562690742,6675.44662464853,6432.11073146669,6712.97632885048,7098.1432957983,6796.94323144105,6237.45669779987,5851.21768683709,5787.28457564904,5573.08270676692,3358.12917677378
217.6,22.678,7140.96325298595,6696.55378557687,6626.34349809612,6612.55783477643,6982.98179444395,6794.75982532751,6485.00924681059,5714.93187755899,5841.38267531572,5391.64995822891,3389.29337233964
217.55,23.0114999999999,7057.71237041685,6629.91270601626,6378.71084931933,6642.68338299865,7046.16389130119,6873.36244541485,6512.20353242078,5981.05590953794,5832.38565412207,5512.05931495405,3437.94992298766
217.5,23.345,6706.61987785306,6829.80099481494,6435.21774701359,6712.97632885048,7088.35044212995,6947.59825327511,6689.70656867699,5931.06406527448,5838.09061691203,5663.44193817878,3449.25662750332
217.45,23.6785000000001,6921.2886058414,6791.22113974413,6620.96716508679,6504.60795364682,7281.77514509924,6829.6943231441,6442.25364689824,5798.38197464754,5953.23362525425,5756.33249791145,3270.49469601242
217.4,24.012,6873.16412861673,6616.7556803192,6491.86426105526,6768.20650059121,7109.15052938659,6882.096069869,6416.11256345462,5883.04226060329,5940.69782596022,5727.55639097744,3328.69062244281
217.35,24.3455,6933.58566490141,6870.32024733876,6551.0393800617,6677.82985592457,7155.6064101566,6711.7903930131,6467.14695667791,6050.14584143687,6016.15934142108,5588.7134502924,3385.11922013991
217.3,24.6789999999999,6835.43386033371,6662.60414789983,6613.50102134742,6564.85905009126,6968.90332260338,6827.51091703057,6390.94883690246,5951.35334550902,5867.74955231139,5602.07184628237,3359.78930908261
217.25,25.0125,6701.9538437006,6642.54548346605,6588.94850934068,6454.3987066098,6943.80132894353,6871.17903930131,6293.09304268421,5846.74571214502,5859.14563308535,5646.28237259816,3436.44462995861
217.2,25.3460000000001,6893.52769024533,6679.0810914344,6363.22009645094,6461.93009366535,6952.82863575556,6875.54585152838,6427.11462348085,5950.46609319998,6015.08776028758,5549.54469507101,3447.31063806259
217.15,25.6795,7039.68713656767,6491.89547985181,6391.79266837787,6298.75004079501,7032.24830177047,6679.03930131004,6431.61694790993,5842.91961056926,5899.75971217284,5549.39431913116,3362.56536467775
217.1,26.013,6908.90657553045,6434.65463461136,6491.17061379934,6612.55783477643,6916.13303219194,6606.98689956332,6148.27820582045,5626.65444897687,5872.56797374036,5577.36842105263,3463.14881619285
217.05,26.3464999999999,6825.61320733589,6670.97368172893,6411.02868295275,6705.44494179493,6957.53774793341,6519.65065502183,6303.50202228515,5806.77503225601,5790.00587965616,5471.36173767753,3415.52481383433
217,26.68,6868.4874730579,6619.42902531839,6502.93605015372,6537.24396422089,6761.10695963578,6460.69868995633,6151.37619950676,5526.15786121054,5784.57065898547,5368.46282372598,3474.56867248988
216.95,27.0135000000001,6772.42970392317,6524.79662103429,6340.92139119527,6489.54517953571,6995.34095120404,6593.8864628821,6076.39738847185,5652.6448890388,5642.1742322866,5426.13617376775,3337.99773930551
216.9,27.347,6924.00930425003,6709.32636255926,6456.36406558613,6539.75442657274,6948.3638470425,6683.40611353712,6268.47014967704,5437.61448487465,5689.74250772651,5441.28237259816,3283.47344355073
216.85,27.6805,7044.75678416208,6865.37548099662,6479.16140065398,6487.03471718386,7020.62211540473,6631.00436681223,6144.57289924715,5763.84650683214,5838.68439373117,5520.91896407686,3190.292806956
216.8,28.0139999999999,6977.06535078634,6806.30008795262,6678.09236374816,6685.36124298012,6964.86202789594,6838.42794759825,6276.53545606233,5596.04006407787,5897.65520740744,5459.18546365915,3274.817732135
216.75,28.3475,7153.52584720514,6827.11017487417,6760.92246109941,6461.93009366535,6883.16924694704,6744.54148471616,6258.03270515268,5728.44278297583,5785.21048064977,5526.58312447786,3424.54011820822
216.7,28.6810000000001,6961.9520006604,6770.14892869894,6495.52974199181,6431.80454544313,6981.60453221416,6799.12663755459,6526.58823536752,5761.42055680484,5682.88864879986,5505.53049289891,3321.3533164485
216.65,29.0145,6923.93495440546,6690.84012180539,6581.48680008244,6625.11014653569,7183.51903037296,6709.60698689956,6377.81190761967,5847.20162258006,5761.8502848595,5514.23976608187,3260.64337012721
216.6,29.348,6981.78449197065,6852.76017848841,6358.32244806132,6574.90089949866,7065.09806939847,6687.77292576419,6487.48101218164,5837.44640595939,5912.00274692504,5581.98830409357,3119.37421333463
216.55,29.6814999999999,7027.14578516121,6886.22051780132,6564.48021258502,6552.306738332,7105.01150529324,6770.7423580786,6450.24779097497,5654.82388758045,5715.82400752389,5679.16457811195,3260.25031657084
216.5,30.015,6888.42617843182,6796.62025456724,6481.49055369387,6690.38216768382,7080.79812693362,6766.37554585153,6474.47217505425,5792.01594543572,5937.22072778401,5518.78446115288,3267.74841720185
216.45,30.3485000000001,7007.03713728542,6830.15049364646,6536.38632527779,6702.93447944308,7085.57239203541,6853.71179039301,6506.16878509353,5879.55809185381,6029.35059745843,5673.57560568087,3402.51033415453
216.4,30.682,6906.47265509373,6760.90596885296,6567.28805024461,6690.38216768382,7174.16595894122,6781.65938864629,6442.09708981943,6118.62789275574,5781.71036005098,5617.4895572264,3380.15896082746
216.35,31.0155,7060.17815507267,6968.23761957722,6439.61676559104,6672.80893122086,7135.09951105769,7002.18340611354,6489.35501416086,5897.0414966985,5956.48702615634,5549.48621553885,3448.24790064147
216.3,31.3489999999999,7055.33155701197,6665.39981749006,6646.77178973911,6499.58702894312,7242.02459151432,7056.76855895197,6373.95004396756,5855.0057958766,5909.90562950319,5482.55639097744,3425.21534508285
216.25,31.6825,7012.62723379183,6622.15479514231,6489.45532724542,6527.20211481349,7029.86116921958,6925.76419213974,6411.12633532738,5888.74342043067,5878.80503342529,5550.53049289891,3383.90205578605
216.2,32.0160000000001,7002.02059672284,6813.58617540402,6657.68401729766,6657.74615710976,7153.3332952226,6943.23144104803,6535.55018684056,5925.45788678773,6025.62677958553,5833.30409356725,3434.29615838279
216.15,32.3495,6961.36782331021,6633.38989832795,6665.11027065206,6426.78362073943,7046.35935007301,6936.68122270742,6344.96715114841,5800.10506275415,6023.79201693939,5705.0626566416,3425.37613971954
216.1,32.683,7055.12975029099,6821.44893592742,6592.79349700961,6615.06829712828,7007.61866680919,6860.26200873362,6473.19593646687,5796.69687907718,5889.07431060398,5539.74519632414,3368.96540809318
216.05,33.0164999999999,6888.06505061533,6471.10286787183,6422.77417411464,6479.50333012831,6960.33208625894,6742.35807860262,6433.9748535873,5767.52063826289,5979.88587944821,5668.7134502924,3257.75416275069
216,33.35,6936.69935534562,6484.08514415313,6588.45431400963,6517.16026540608,7078.78562369539,6722.70742358079,6419.27703648293,5709.04075505033,5882.62918872396,5622.03425229741,3374.95226033823
216,33.35,7025.13672097918,6349.230561352,6410.53005314057,6509.62887835053,6994.72199842659,6873.36244541485,6252.25414213621,5772.03060549121,5835.29199790171,5670.16708437761,3382.8933289242
215.7,35.3510000000001,6946.88113615992,6525.93249223672,6320.25375724244,6351.46975018389,7158.07498386242,6600.43668122271,6167.47834735391,5733.7070286363,5756.97018350636,5308.72598162072,3398.51711420553
215.4,37.352,6681.86643863754,6461.35313472015,6420.40513068978,6567.36951244311,6973.856758246,6635.3711790393,6219.09627150732,5774.70350700416,5772.34325931231,5228.63408521303,3445.73983610748
215.1,39.353,6941.5565748127,6734.99384111508,6291.74102089297,6710.46586649863,7139.10822930316,6823.14410480349,6410.99824317199,5771.80265027369,6040.62977584644,5503.42522974102,3436.8853263703
214.8,41.3539999999999,6808.04469396049,6560.54585663173,6422.73428372967,6471.97194307276,7162.55606080646,6729.2576419214,6229.78990034247,5575.6558025027,5734.94392362531,5408.12865497076,3470.86130967278
214.5,43.355,6737.39889123604,6422.09175692787,6345.59964246754,6461.93009366535,6939.32025199948,7043.66812227074,6262.37847250295,5635.21847299848,5734.45048423193,5303.19966583124,3450.4797472141
214.2,45.3560000000001,6767.30694929692,6514.06829115436,6536.0472570055,6492.05564188757,6785.41806738131,6766.37554585153,6308.00434671424,5768.54643674173,5768.53473909266,5308.93901420217,3347.20957045757
213.9,47.357,6923.62693362082,6619.30670072736,6302.01500229193,6376.5743737024,6929.3319395593,6735.80786026201,6069.73641282934,5588.4258534626,5633.40090836706,5276.66248955723,3276.65056979435
213.6,49.358,6752.56534839382,6483.70069543846,6353.66414198153,6449.37778190609,6843.17436989734,6524.01746724891,6244.21730067435,5688.67548974329,5731.13540340566,5449.82456140351,3302.39367202205
213.3,51.3589999999999,6706.55614941486,6463.25758229,6216.93553267074,6424.27315838758,6975.60864978846,6674.67248908297,6150.63611149782,5626.57846390437,5659.11232861942,5126.73350041771,3360.76825915988
213,53.36,6878.30812605572,6527.17289202669,6258.84921115854,6381.59529840611,6846.24560814963,6683.40611353712,6194.21719418937,5453.12785012709,5724.55128659828,5341.56223893066,3384.2474664871
212.7,55.3610000000001,6815.7819329317,6479.87400429526,6298.74842520513,6155.65368673949,6813.36326405965,6694.3231441048,6275.03149808758,5644.65075306099,5620.99585626493,5401.93400167084,3305.85459366237
212.4,57.362,6530.32932393614,6265.85041413318,6146.38944667854,6308.79189020242,6509.46988368287,6489.08296943231,5977.57846982385,5594.60191999316,5670.90796882338,5324.06850459482,3294.01559083803
212.1,59.363,6865.87298871294,6386.60464545408,6441.63123003226,6532.22303951719,6612.50026351093,6460.69868995633,6041.3085860169,5556.20235806574,5604.75187417703,5201.09857978279,3280.2425092868
211.8,61.3639999999999,6866.54213731406,6415.76679126315,6240.1916071658,6502.09749129497,6589.24789077945,6567.68558951965,6113.21786828892,5696.57464438046,5711.62238533664,5127.89891395155,3309.63342076245
211.5,63.365,6732.28675801616,6515.39638671413,6103.50288823998,6333.89651372093,6666.00352431671,6480.34934497817,6179.49091216157,5685.49526128384,5624.71967413783,4951.08604845447,3235.78393226615
211.2,65.3660000000001,6813.0187488976,6594.6178188998,6118.45512091121,6333.89651372093,6889.9071505941,6447.59825327511,5903.42514156815,5548.07524821105,5479.1545488836,5173.65497076023,3112.12623769403
210.9,67.367,6547.86597309244,6210.25221340087,6064.65633491409,6497.07656659127,6808.23065787618,6417.03056768559,6070.26301391263,5492.34425158395,5536.06690263962,5207.4895572264,3167.03990319154
210.6,69.368,6502.21790192996,6409.82595325118,6191.23063398086,6494.56610423942,6615.18058421956,6344.97816593886,6121.32587205933,5520.85562301381,5606.89503644403,5115.87301587302,3144.04903513133
210.3,71.3689999999999,6441.86009408349,6214.83000596992,6091.91252413686,6414.23130898018,6654.8008319566,6451.96506550218,6008.52075939248,5389.44071005844,5371.58253613552,5042.52297410192,3123.02202258258
210,73.37,6340.35030672513,6404.65401266855,6123.29293372337,6213.39432083207,6597.96572120277,6377.72925764192,5991.93470784718,5324.99371926472,5486.31680743111,5140.40935672515,3166.65053344881
209.7,75.3710000000001,6570.76966922143,6270.95245494951,6169.18678174639,6168.20599849874,6852.05508263051,6329.6943231441,5983.78400669163,5351.57304363858,5380.39451755665,5168.09523809524,3218.9608487017
209.4,77.372,6484.61752433546,6058.44886364262,6149.77569492026,6092.8921279432,6701.72907142517,6423.5807860262,5981.62535547821,5570.79047847289,5341.92360073616,5184.22723475355,3146.2570602763
209.1,79.373,6413.84426473461,6072.5320612432,6030.08912901073,6133.05952557282,6668.89559202815,6449.78165938865,6089.0646465182,5453.86870458403,5305.42644148917,5216.45781119465,3094.59815047038
208.8,81.3739999999999,6322.96235725797,6135.74837331686,5918.21220959399,6341.42790077649,6412.59826859036,6417.03056768559,5841.12782104129,5285.70133273535,5575.44738324367,5079.7201336675,3147.53604974259
208.5,83.375,6454.61387361728,6238.08626365018,6023.58035451075,6399.16853486907,6296.14094616114,6320.96069868996,6002.08750313733,5401.67886551079,5404.45621493538,5146.19465329992,3095.84140779518
208.2,85.3760000000001,6505.1616498723,6230.04875371102,6301.63604363467,6210.88385848022,6641.25987173854,6419.21397379913,5890.2028175151,5218.37805377221,5563.44368084462,5252.51879699248,3196.63329680229
207.9,87.377,6613.21907868876,6171.23548479066,6322.06433527766,6133.05952557282,6556.88677008101,6344.97816593886,5857.27266627357,5450.8538702448,5497.90438543999,5251.62489557226,3128.81830340636
207.6,89.378,6557.87781140487,6071.13406591713,5927.88783521832,6180.758310258,6549.41589603961,6329.6943231441,5752.77481184108,5367.82169105503,5627.29459587403,5140.28822055138,3150.74089103558
207.3,91.3789999999999,6504.94922174496,6120.65195016679,6057.03062963483,6148.12229968393,6538.47381537526,6246.72489082969,5815.72214264006,5395.38882137148,5564.49223955554,5085.17126148705,3048.25313757815
207,93.38,6376.14586067069,5877.02934065624,6144.1400744086,6356.49067488759,6610.40631911778,6410.48034934498,5816.27720864676,5411.18713064581,5363.92683819464,5108.73851294904,3114.425864736
206.7,95.3810000000001,6219.47536993667,6104.6992548795,6040.68223348948,6316.32327725797,6708.10863399055,6432.31441048035,5894.861699023,5318.1337870816,5395.0504566951,5089.35254803676,3085.97221583923
206.4,97.382,6368.80161373506,6375.9112654573,6094.58074544903,6195.82108436911,6526.44042323489,6528.38427947598,5868.40750142175,5496.17035315971,5534.10878014514,5191.51211361738,3156.09052009076
206.1,99.383,6353.34837860536,6207.66624310955,6087.13454690215,6123.01767616542,6599.33393260554,6403.93013100437,5760.51277160703,5417.36319717637,5312.24164291422,4989.6157059315,3205.91659223733
205.8,101.384,6312.79119785003,6041.09849409118,5953.95174737297,6133.05952557282,6487.69973997107,6290.39301310044,5845.53051823841,5469.761995199,5390.41707503865,4933.59231411863,3169.83978021434
205.5,103.385,6386.99679008611,6045.86851101756,5943.39853327919,6007.53640798026,6538.57154476117,6067.68558951965,5743.54244359554,5304.5714651533,5299.25106172841,4906.10275689223,3239.19948259444
205.2,105.386,6136.60685799679,6008.23230279184,5891.78928397456,6032.64103149877,6533.48780327067,6347.1615720524,5659.43557451363,5270.28294882355,5269.75414367899,5072.10108604845,3120.1089937784
204.9,107.387,6280.27927685056,6271.70387743727,5992.81824589135,6246.03033140613,6334.57215303623,6423.5807860262,5859.2889928699,5227.54438608095,5203.06595213766,5088.98913951546,3006.61230365105
204.6,109.388,6310.69716241706,6195.19074013395,5976.90864398073,6105.44443970246,6433.10516768926,6517.4672489083,5888.64192969351,5330.67588282399,5434.030447988,5041.05263157895,3076.34350970314
204.3,111.389,6303.03427329042,6169.43588687026,6111.10864832676,6107.95490205431,6374.99052409155,6299.12663755458,5941.77804428338,5330.50491641084,5403.69303342274,4964.97493734336,3141.31466703459
204,113.39,6351.38180004879,5795.6238618355,5999.5264723162,6183.26877260985,6277.1579033709,6283.84279475982,5855.58368629659,5211.63209919785,5448.62470720228,4967.2305764411,3060.81501013244
203.7,115.391,6295.2014416619,5734.381897098,5694.07497762211,6087.8712032395,6437.96087394598,6148.47161572052,5722.88104147247,5186.9088368075,5342.29368028119,4826.82957393484,3126.6162336183
203.4,117.392,6302.76873813124,5851.93853517243,5804.0415930412,6065.27704207284,6326.2126636946,6144.10480349345,5683.47493659067,5344.31418982479,5413.12181408559,4949.29824561403,3067.84036602391
203.1,119.393,6386.33826289135,5821.09911603398,5765.27482048526,6125.52813851727,6410.26000073242,6388.64628820961,5771.03561090165,5310.04466976317,5236.22500813581,4835.73517126149,3083.55348165896
202.8,121.394,6343.03914091466,5802.68277504641,5729.63500866871,5989.9631715173,6393.20802002548,6052.40174672489,5816.71841495979,5243.07674760151,5466.595727167,4962.86967418546,3088.9269321418
202.5,123.395,6327.83019813141,6007.95270372663,5587.3505596162,6045.19334325803,6519.86540189768,5932.31441048035,5822.73892982533,5112.93458461064,5434.26153260566,4803.53383458647,2984.91601958459
202.2,125.396,6060.46655142324,6041.34314327324,5714.10436541535,5977.41085975804,6417.24222784426,6141.92139737991,5667.27316151154,5114.48670630411,5471.88456556677,4905.93567251462,2947.89598962581
201.9,127.397,5939.53850760295,5943.7752698663,5771.34923523164,5819.25173159141,6228.21716066409,5938.86462882096,5772.71035841693,5326.35587827693,5504.75824436664,4939.10609857978,2968.11080209088
201.6,129.398,6042.60063866956,5777.60944450417,5670.47983485476,5889.54467744324,6342.15704469453,6141.92139737991,5773.06616995968,5404.66913128898,5327.63774114274,4763.23308270677,2960.93429073327
201.3,131.399,6060.45593001687,5985.27311911838,5760.83591152284,5942.26438683212,6288.4909015789,6148.47161572052,5784.99333999709,5245.73065284634,5286.79996478113,4955.93149540518,3033.00453978244
201,133.4,6149.21193784144,5993.01355505074,5729.35577597389,5786.61572101734,6325.69144030307,6120.08733624454,5774.65552270469,5300.44142328751,5327.51438129439,4762.92815371763,3035.5006936026
200.7,135.401,6146.05576177176,5920.97336066702,5796.19649064457,6037.66195620247,6349.43245996411,6211.7903930131,5750.01839723582,5330.40993507021,5462.35544747815,4960.06683375104,2905.03799134484
200.4,137.402,6412.03700727355,5821.15154085871,5770.07274291245,5997.49455857285,6526.78247608558,6115.72052401747,5760.58393391558,5273.71012876865,5344.76087724807,4939.87886382623,3059.40500281403
200.1,139.403,6053.03733323667,5898.0491268767,6012.30911348743,6130.54906322097,6414.39902482577,6165.93886462882,5702.49005612189,5172.81461937165,5402.9298519101,4989.01002506266,3031.84692899773
199.8,141.404,6096.09216286692,5861.88049268144,5984.45456849005,5816.74126923956,6324.3956192282,6248.90829694323,5751.47965782543,5176.96365750556,5330.5597200014,4707.66081871345,2851.7606367285
199.5,143.405,6034.85277829198,5894.48455985713,5721.39100242233,6097.91305264691,6499.42365572272,6294.75982532751,5908.94752027383,5367.96023722484,5384.24169527789,4969.09356725146,2907.7783147985
199.2,145.406,6116.00962542811,5945.55739284513,5754.26286696427,5796.65757042475,6329.31647840885,6242.35807860262,5708.09782959783,5399.82280352729,5195.34857427261,5018.95572263993,3115.66685051752
198.9,147.407,6007.60169020153,5716.24515517565,5858.27917327303,6060.25611736914,6382.34738051606,6229.2576419214,5629.94031307291,5244.19752742099,5297.52402385159,4983.10359231412,2970.08656831618
198.6,149.408,6085.41117595337,6017.66748699516,5820.17059206918,6077.8293538321,6265.43398761925,6072.05240174673,5733.8166221567,5216.1610626943,5214.53017029819,4977.92397660819,2870.42251330921
198.3,151.409,6014.89283010533,5943.53062068424,5571.79997117035,5937.24346212842,6312.52510939768,6017.4672489083,5652.31916009638,5169.17848047716,5062.33488339143,4766.77527151211,2891.3840169319
198,153.41,5888.77830322058,5651.7881222501,5649.79225570943,5984.9422468136,6246.76042121773,5912.66375545852,5824.21442287665,5261.05405541751,5323.64418115058,4915.32581453634,2956.0514510607
197.7,155.411,6124.1398564349,5805.54834440294,5719.02195899747,5811.72034453585,6125.07276321913,5993.44978165939,5766.14901000639,5249.44277681334,5146.19225588324,4774.06015037594,2942.3319677217
197.4,157.412,6033.01365661182,5754.17843740815,5725.71024022983,5731.38554927661,6253.82408948449,6139.73799126638,5648.51422629111,5243.58964684094,5472.17733010861,4782.61904761905,2822.47692167731
197.1,159.413,6048.1163853314,5747.04962443094,5687.58171383349,5781.59479631364,6349.38359527115,5919.21397379913,5555.41694081273,5364.12856335616,5127.134019706,4809.45697577277,2859.25278200259
196.8,161.414,5931.57821909803,5783.2881583925,5695.22736430524,6010.04687033211,6296.20609908508,5960.69868995633,5859.41708502529,5229.38145179632,5296.22874544398,4850.74352548037,2947.36000750349
196.5,163.415,6070.69081786301,5884.42027775709,5749.18571184225,5934.73299977657,6142.27133800494,5840.61135371179,5808.2403671849,5181.43563219764,5241.6602288065,4869.37343358396,2900.70899986534
196.2,165.416,6161.31781158684,5836.14311435932,5708.2892381713,5899.58652685065,6252.15363909696,6203.05676855895,5748.35788218226,5189.16382042166,5220.52051028643,4825.72263993317,2830.84677596113
195.9,167.417,5954.91739288807,5695.29526872149,5692.51925260809,5904.60745155435,6342.79228570297,6181.22270742358,5675.33846789683,5046.30859527526,5323.08906183303,4768.83458646617,2773.18910319634
195.6,169.418,5972.18850688519,5788.42514909198,5766.80616582566,5937.24346212842,6336.20097613478,5969.43231441048,5566.09633718617,5090.80823866073,5394.16391533412,4637.44360902256,2953.96253305402
195.3,171.419,6131.28229664956,5880.5939076758,5753.46949374591,6057.74565501728,6107.39277890773,5956.33187772926,5469.19411790252,5165.33338263327,5200.143973279,4690.53049289891,2958.83941736967
195,173.42,5989.75702026059,5898.08407675985,5822.22051241424,5784.10525866549,6356.96848692945,6089.51965065502,5555.27461619563,5047.89870950499,5255.57600885489,4665.7059314954,2951.45446852004
194.7,175.421,5823.24463371602,5943.16364691115,5819.23316802227,5713.81231281365,6200.82576383926,5759.82532751092,5638.20487392214,5205.4560326673,5289.96866333648,4763.94319131161,2948.40446650683
194.4,177.422,6143.69619117961,5703.21045406962,5461.35467113157,5826.78311864696,6331.36155810905,5836.24454148472,5596.59742044178,5306.69347489058,5298.26418294166,4838.40016708438,2843.45033601382
194.1,179.423,6055.51373929886,5886.76159886634,5540.71873947115,5984.9422468136,6344.93509478908,5969.43231441048,5508.45789816722,5234.17636304655,5338.67019983406,4855.45530492899,2887.07289152314
193.8,181.424,6017.71974257763,5614.291713557,5554.29918834188,5846.86681746177,6125.83831007545,6113.53711790393,5713.08405772507,5162.67947738845,5375.16735908105,4798.30827067669,2904.23174661809
193.5,183.425,5896.5474064109,5761.1502969731,5528.13555022479,5610.88335638775,6251.53468631951,5871.17903930131,5628.18017078737,5060.38381644299,5266.58544512364,4820.13366750209,2852.18346706944
193.2,185.426,6093.26525039462,5839.4106073721,5561.30659265404,5718.83323751735,6125.80573361348,6024.01746724891,5581.05033860134,5201.66792362779,5116.57197798548,4937.51461988304,2877.8729710849
192.9,187.427,6115.89278995807,5929.04582048933,5442.27821809659,5651.05075401737,6316.17548656147,6205.24017467249,5599.09765073625,5078.41811306336,5061.59472430137,5089.73266499582,2790.07769568685
192.6,189.428,5916.71978272489,5736.74069314883,5615.32477576851,5799.1680327766,6245.15512375414,6218.34061135371,5495.87603489114,5113.06755848752,5338.75490218081,4736.40768588137,2753.09339786955
192.3,191.429,5856.17078956381,6000.00256849535,5752.49217931403,5994.984096221,6293.67237245532,5991.26637554585,5472.9990517078,5295.34814404018,5238.24481055446,4787.43525480368,2886.87636474496
192,193.43,5855.92649721737,5764.78444269705,5669.84158869516,6025.10964444322,5997.33130727487,6111.35371179039,5597.23788121875,5198.33572502332,5369.19265417183,4706.44945697577,3036.28311690169
191.7,195.431,5896.75983453824,5610.98927066107,5600.59194021464,5600.84150698034,6197.86854320388,5897.37991266376,5727.68224759747,4939.35099695647,5031.66604678274,4700.69340016708,2861.42507500608
191.4,197.432,5841.06806084423,5803.43419753417,5435.21097820697,5952.30623623953,6205.17653493542,5989.08296943231,5531.16409181004,4970.38329975427,5141.21181710433,4779.40685045948,2825.21724513096
191.1,199.433,5906.70794441246,5918.14274119364,5502.21125441755,5839.33543040622,6232.95884930391,6043.66812227074,5538.94474896111,5149.78202484458,5406.80743939747,4819.69507101086,2924.64308586135
190.8,201.434,5871.63464609987,5739.08201425808,5664.50514607081,5748.95878573957,6070.09451079764,5834.06113537118,5599.4392298173,5106.45457779005,5114.41318063946,4814.95405179616,2893.28831887422
190.5,203.435,5873.52687481187,5700.554584012,5366.49984992361,5882.01329038769,5998.60178929174,5993.44978165939,5670.92153823801,4930.65399905798,5073.0202849603,4805.12531328321,2996.72524562436
190.2,205.436,5641.54454720094,5590.52868257103,5674.65945631484,5784.10525866549,6037.87998417807,5829.6943231441,5541.43074679388,5011.8681088005,5121.08199979359,4709.03926482874,2798.30462140472
189.9,207.437,5585.18362490581,5483.07127647981,5665.14339223041,5696.23907635069,6100.19880479308,5777.29257641921,5466.99276930397,5118.6167481699,5260.98820710301,4549.38596491228,2730.00128874179
189.6,209.438,5734.64794698696,5634.01835410084,5438.15843221397,5997.49455857285,6079.31727638151,5860.26200873362,5745.45914295989,5064.22891428688,5023.0234700551,4749.73684210526,2692.37154083444
189.3,211.439,5593.48379841447,5598.72346698438,5411.93495851942,6047.70380560988,6193.79467203447,5775.10917030568,5642.39408419359,5116.15280560634,5194.73177503088,4572.63575605681,2893.67541707367
189,213.44,5566.07338922852,5690.9621253345,5603.26016152682,5849.37727981362,6247.18391522335,5899.56331877729,5651.51259274545,5087.41347895896,5176.41369794371,4789.88721804511,2727.4515367094
188.7,215.441,5666.91402798576,5622.85315068151,5366.38017876868,5829.29358099881,6167.84569036337,6037.11790393013,5717.04554860916,5118.00886758984,5342.0856180861,4920.98997493734,2720.79541294664
188.4,217.442,5891.81764382023,5808.85078729886,5865.96471412976,5912.13883860991,6211.8981503515,5936.68122270742,5630.62347123501,5202.59316847308,5200.96883471581,4830.26733500418,2880.88128559972
188.1,219.443,5642.03313189383,5578.26287889434,5837.7511556676,5864.44005392473,6061.19750983349,5812.22707423581,5707.22009993834,5299.83354270746,5138.74462013745,4827.55639097744,2699.89941825002
187.8,221.444,5720.0231815539,5369.9002066171,5881.75464488545,5919.67022566546,6121.56898013421,6010.91703056769,5702.12001211742,5088.53425877844,5274.65726745471,4725.86466165414,2793.89821028533
187.5,223.445,5755.0646156474,5478.12651013767,5680.29507682651,5771.55294690623,6128.32317201225,5932.31441048035,5625.95035726539,4828.24436050376,5124.79018258746,4637.20133667502,2749.51705290457
187.2,225.446,5588.55222910283,5580.21975128893,5592.98618012786,5753.97971044327,6211.73526804164,5989.08296943231,5308.13480857451,5182.98775389111,5108.13746345293,4634.62823725982,2842.58453771792
186.9,227.447,5913.71230634435,5544.76758969828,5386.4494569469,5555.65318464702,6267.43020262649,6004.36681222707,5469.36490744305,5170.69260963438,5139.42309930334,4648.88053467001,2761.61809143316
186.6,229.448,5815.81541552946,5565.4553520288,5924.72098409396,5578.24734581368,6219.59705962669,5888.64628820961,5427.78591888611,5110.1287092208,5095.24721969289,4810.71428571429,2711.73246571744
186.3,231.449,5684.56751261209,5662.23685306482,5618.29217496799,5708.79138810995,6104.89162873994,5886.46288209607,5492.28458801152,5092.58831557172,5294.82574226705,4764.06432748538,2872.07073490421
186,233.45,5762.71688336768,5575.27498494678,5532.12015424113,5706.2809257581,6223.80123664399,5901.74672489083,5591.00387942755,5093.29117749241,5244.2738080443,4863.63408521303,2916.31491907593
185.7,235.451,5649.29240757852,5526.6483227175,5448.33268765049,5716.3227751655,6311.88986838925,5965.06550218341,5634.5849621191,5107.46138000077,5299.74450112179,4799.82456140351,2849.43945980215
185.4,237.452,5671.8455972974,5515.85009307126,5463.623988594,5969.87947270249,6335.45171750945,6004.36681222707,5677.95255788499,5140.91406053295,5059.8216415794,4885.60985797828,2909.65879531316
185.1,239.453,5545.1681358752,5596.17244657621,5345.61281885341,5809.209882184,6220.56711608185,5951.96506550218,5590.54844065281,5087.96437073464,5098.87070014002,4796.44527986633,2864.90017890351
184.8,241.454,5686.746519296,5562.72958220488,5366.08100088137,5781.59479631364,5974.20924039127,5908.29694323144,5501.81115498642,5029.50348379021,5176.61437279525,4743.37510442774,2707.98937075885
184.5,243.455,5578.60411922861,5455.32460093838,5579.58523798952,5703.77046340625,6041.88870242354,5740.17467248908,5458.44355922053,5053.65685813676,5075.36412207884,4882.05096073517,2627.62668706574
184.2,245.456,5575.94714925818,5350.03376654065,5407.83511782928,5708.79138810995,5961.59670933939,5903.93013100437,5521.15362113698,5156.52240712602,5036.2994284392,4761.59565580618,2608.48015503166
183.9,247.457,5697.11948542491,5322.16476640819,5388.31987055958,5706.2809257581,5954.40273522474,5805.6768558952,5307.93555411056,5122.1199131875,5009.393067205,4574.27318295739,2686.86707249947
183.6,249.458,5633.98787213797,5463.20483640336,5421.49091298883,5681.17630223958,6067.78881940168,5895.19650655022,5448.39039116234,5107.87372560664,5147.01711732005,4671.06934001671,2706.21013131173
183.3,251.459,5447.2393808412,5372.80072585679,5509.57767219448,5651.05075401737,6076.79983798273,5849.34497816594,5457.15308817144,5089.9344103269,5099.69556157683,4880.83959899749,2751.54046198519
183,253.46,5477.48732390583,5357.66935282356,5551.93014491701,5661.09260342477,6042.10044942635,5906.1135371179,5378.61129518033,5233.54948619837,5109.20165724288,4923.03675856307,2802.22042171383
182.7,255.461,5694.9723429601,5442.60444878072,5608.47693299625,5814.2308068877,6079.00779999278,5951.96506550218,5444.47159766338,5145.55700163816,5125.75403895164,4838.44611528822,2780.80035560872
182.4,257.462,5820.69387780926,5448.05598842856,5373.94604847049,5678.66583988773,6281.39465685016,5759.82532751092,5485.6093799073,4941.75795071565,4954.93227533684,4659.51127819549,2795.61194080638
182.1,259.463,5505.30134653373,5265.41321953187,5648.95455762497,5676.15537753588,6079.34985284348,5838.42794759825,5477.21672690268,5092.20839020919,4964.09131388043,4732.68170426065,2777.89328216146
181.8,261.464,5583.48258150842,5574.36628798484,5595.91368894237,5525.5276364248,6007.17302563618,5735.80786026201,5592.96327617703,4947.15517025301,4979.51043453152,4682.39766081871,2757.02706424941
181.5,263.465,5565.87158250755,5561.55876111929,5523.45729895252,5568.20549640627,5937.43219567273,5903.93013100437,5296.00838407316,5062.29686723087,4910.22429883142,4787.66081871345,2679.67865042802
181.2,265.466,5492.77061653365,5469.82687607487,5366.00122011142,5480.33931409148,6179.04838272349,5766.37554585153,5279.10921837023,5162.7174699247,5142.345078162,4731.18212197159,2759.60063770945
180.9,267.467,5558.59106401012,5410.69905820614,5461.39456151654,5776.57387160993,5911.36919638474,5838.42794759825,5703.05935459031,5077.82922875143,5069.16571989551,4621.55806182122,2711.37514430256
180.6,269.468,5658.9962251063,5452.38913181555,5487.23907655383,5656.07167872107,6049.13154123115,5984.71615720524,5396.98595393459,5067.6750905001,5086.02650122513,4531.9089390142,2618.23619520624
180.3,271.469,5803.19971427843,5552.21095162386,5491.79765667118,5721.34369986921,5999.60442220886,5764.19213973799,5270.81619259758,5106.62554420319,5076.00394374313,4633.29573934837,2545.53240678083
180,273.47,5537.86637456504,5414.17625051783,5534.84377664964,5703.77046340625,5951.29892051049,5871.17903930131,5593.03443848558,5096.69936116938,5081.53950183959,4540.35923141186,2545.66937998986
179.7,275.471,5452.23467859105,5495.87880334535,5247.35180421124,5713.81231281365,6088.99611243296,5648.47161572052,5566.46638119064,5056.27277084533,4981.42251218086,4658.34586466165,2729.70352089606
179.4,277.472,5376.774142025,5376.59246711684,5347.24389015624,5585.77873286923,6034.45040484411,5875.54585152838,5248.46581049752,5059.9658985442,5105.10775982495,4512.62740183793,2650.65328726744
179.1,279.473,5401.95243749521,5375.4565959144,5371.35760792826,5625.94613049885,5801.86152460539,5838.42794759825,5399.38655699709,4951.32320465505,5028.41264588065,4613.65079365079,2664.56929738463
178.8,281.474,5658.900632449,5373.49972351982,5406.81791301243,5623.435668147,5923.3048591392,5941.0480349345,5652.68920410085,4883.01211974932,5060.79288528713,4617.34753550543,2742.32267547621
178.5,283.475,5615.88828844421,5254.68488965194,5461.25494516913,5661.09260342477,5928.30715947478,5864.6288209607,5388.33711661918,4829.21317017823,4993.09479253648,4710.93149540518,2634.31258761308
178.2,285.476,5477.5935379695,5342.46808002404,5128.84200465846,5856.90866686918,5922.89765336456,5733.62445414847,5281.06861511971,4999.87690483379,5064.26998346334,4776.69590643275,2721.83391659306
177.9,287.477,5398.9662039274,5378.53186456984,5435.60988205671,5598.33104462849,6104.63101704417,5834.06113537118,5293.28043439132,5017.41729848287,4987.20478997401,4682.35171261487,2715.10632854732
177.6,289.478,5494.72657368385,5408.84703546101,5446.32265769039,5608.37289403589,6062.86796022103,5722.70742358079,5333.32700005009,5039.80959218655,5090.04308363987,4532.42272347535,2634.28281082851
177.3,291.479,5376.30680014485,5321.71041792722,5399.63100196788,5545.61133523961,5956.43152669396,5744.54148471616,5186.14002504725,4991.19890320343,5123.75725895556,4448.21219715957,2652.20026779489
177,293.48,5186.85885325218,5198.99931421174,5316.18260364952,5728.87508692476,5873.84289304086,5842.79475982533,5283.59731033761,4864.44592762139,4918.74351571071,4659.77025898079,2640.48037210885
176.7,295.481,5194.77665613164,5344.91425078275,5271.93977212182,5394.98359412853,6002.90369569494,5733.62445414847,5364.29775454214,4992.12972034164,5002.87063032179,4587.56892230576,2655.29791266342
176.4,297.482,5318.96709008528,5119.04393447989,5378.04588916062,5440.17191646186,5897.97483024555,5727.07423580786,5357.57984905279,4935.3729252357,5004.97513508719,4620.01253132832,2575.89035761993
176.1,299.483,5553.58514485391,5249.33819965355,5474.15725749529,5610.88335638775,5969.80960460215,5753.2751091703,5553.50024144838,4897.46726627958,4960.42917593171,4664.58646616541,2529.01900177594
175.8,301.484,5311.01742298673,5433.67571682119,5374.36489751272,5618.4147434433,5814.56273421616,5689.95633187773,5356.96785319924,4990.31165089439,4981.81561414847,4634.59899749373,2574.05751996058
175.5,303.485,5290.80256104727,5441.59090216931,5420.4781426531,5525.5276364248,5948.86292326664,5897.37991266376,5471.4239314245,5058.58474326387,4877.62036215082,4613.33333333333,2623.03565988199
175.2,305.486,5479.90000152981,5457.40379792399,5172.04768617682,5696.23907635069,5991.11462701935,5803.49344978166,5202.74030905426,4848.28668925265,4933.38381977014,4509.84126984127,2710.7296942125
174.9,307.487,5474.96843221817,4959.76227291291,5228.65430983352,5585.77873286923,6005.25825178386,5613.53711790393,5305.7199730503,4866.26399706864,4967.77647425173,4601.04845446951,2667.52401368721
174.6,309.488,5419.19168727323,5286.43300575233,5330.04228521507,5598.33104462849,5843.47798734966,5650.65502183406,5437.81062202087,4923.89462050841,4811.61064977539,4633.53801169591,2696.42431435258
174.3,311.489,5449.83262237343,5183.20389339864,5092.36449475744,5573.22642110998,5872.00956034347,5676.85589519651,5427.5012696519,4911.29553596165,5086.06515872673,4666.61654135338,2664.7598688059
174,313.49,5414.22825374248,5261.14997591118,5368.13092122644,5776.57387160993,5995.4816863465,5576.4192139738,5458.74244091645,5110.10971295267,4974.8540304525,4595.86883876358,2687.51847794645
173.7,315.491,5417.05516621478,5130.19166295764,5131.4105000082,5779.08433396179,6056.2114977289,5698.68995633188,5421.18187309044,4980.00554249805,5058.15628362676,4539.3149540518,2634.58880557443
173.4,317.492,5419.27665852416,5309.13006530216,5014.73122368313,5555.65318464702,5913.69117601169,5698.68995633188,5409.45395751698,4822.01130516882,4879.80218191942,4587.78195488722,2685.34022958605
173.1,319.493,5330.98799257975,5199.15658868592,5322.21712801093,5550.63225994331,5943.82804646909,5748.90829694323,5388.35134908089,4832.6213538552,4875.5002223064,4616.72514619883,2658.96954333904
172.8,321.494,5543.16969309953,5181.38682053666,5272.95697693868,5656.07167872107,5967.30845443436,5617.903930131,5413.79972486725,4794.86766504409,5147.36417444251,4601.67084377611,2522.67255657273
172.5,323.495,5280.92880101761,5089.02583759551,5311.92320141949,5500.42301290629,6072.12330226686,5631.00436681223,5249.88437370201,4923.00179590646,4861.93149938047,4597.89891395155,2581.60326344691
172.2,325.496,5222.71813563595,5260.27622883239,5380.67422008783,5600.84150698034,6121.25950374549,5613.53711790393,5072.60905683316,4840.44452341986,4803.25345024603,4535.10442773601,2651.78112126759
171.9,327.497,5344.14538555549,5101.16931668117,5260.33389730734,5512.97532466554,5804.65586293091,5757.64192139738,5197.17054999689,4821.40342458877,4940.19163385164,4489.18128654971,2682.90958469196
171.6,329.498,5399.35919596298,5134.94420494245,5149.76892611363,5530.5485611285,6036.91897854993,5637.55458515284,5336.88998200629,4828.49131198941,4994.69847056495,4408.89306599833,2680.40747551489
171.3,331.499,5460.01440318773,5273.55557912048,5379.0232035925,5477.82885173963,5778.1693696373,5716.15720524018,5349.1018012779,4821.32743951626,4992.24690867709,4550.81035923141,2557.90739172748
171,333.5,5275.54051123218,5158.23541250586,5304.7961259524,5821.76219394326,5788.27169969437,5399.56331877729,5272.33438303404,4804.7938480779,4882.97088047477,4382.15956558062,2683.38601324513
170.7,335.501,5396.88278990079,5318.96717316172,5381.37230182488,5540.59041053591,5678.89433376291,5602.62008733625,5123.58652020961,4829.02320749696,4860.08110165531,4478.4126984127,2710.75351564016
170.4,337.502,5338.9057954592,5216.48948329579,5379.40216224976,5415.06729294334,5906.13886081536,5862.44541484716,5132.30651983357,4846.33564592851,4739.52589506497,4419.54051796157,2566.76785682159
170.1,339.503,5679.42351517311,5242.5239356247,5255.17696141538,5502.93347525814,5825.32564433967,5853.71179039301,5163.43383140443,4874.25813304644,5030.22438610421,4568.59231411863,2645.09522072025
169.8,341.504,5351.55336092932,5309.07764047743,5181.8030925711,5570.71595875812,5706.15542473986,5768.55895196507,5386.12153555891,4777.26471029771,4798.43502881706,4505.75187969925,2542.70870833037
169.5,343.505,5373.68169439352,5186.36653676196,5292.98636473192,5540.59041053591,5706.04140712296,5713.97379912664,5113.60451445997,4761.27643834211,4700.41515658018,4504.69089390142,2561.35271884034
169.2,345.506,5212.12211997333,5084.04612137021,5213.70207716229,5538.07994818406,5806.42404270436,5746.72489082969,5289.43280320091,4739.73897670413,4889.06155788878,4587.61487050961,2641.50100968453
168.9,347.507,5295.82972301621,5309.04269059428,5014.85089483806,5535.56948583221,5978.56001148744,5622.27074235808,5225.17608592458,4901.02742010156,4791.85091200968,4376.63324979114,2612.42204831171
168.6,349.508,5260.67145345268,5268.38363853785,5100.26943273153,5502.93347525814,5703.9474627298,5698.68995633188,5225.36110792681,4726.60799664982,4991.92287397721,4412.18045112782,2545.10362108298
168.3,351.509,5240.45659151322,5357.45965352465,5198.09165313898,5462.76607762852,5724.95929698926,5805.6768558952,5243.92078868331,4644.52563086639,4756.19424927852,4534.13533834586,2574.09325210207
168,353.51,5288.1880767023,5401.35124871071,4994.52232915751,5533.05902348035,5698.040258863,5805.6768558952,5299.96987495725,4933.21292296217,4888.71450076632,4667.63157894737,2559.71640795917
167.7,355.511,5487.66910472013,5281.34843987758,5108.83256205771,5507.95439996184,5725.35021453291,5748.90829694323,5175.47486113552,4813.82720650975,4911.21117761817,4486.78780284043,2570.71938927219
167.4,357.512,5222.72875704231,5139.57442233622,5115.60062406002,5535.56948583221,5697.19327085176,5674.67248908297,5237.14595334711,4777.53065805149,4919.81509684421,4517.03425229741,2691.51169789545
167.1,359.513,5212.63194747895,5203.2101330077,5113.45097775251,5525.5276364248,5809.10436341299,5720.52401746725,5231.38162279236,4942.55022168405,4801.51902502567,4493.17878028404,2584.93912259202
166.8,361.514,5134.65251922524,5106.79560574477,5040.95469737769,5505.44393760999,5816.21689637271,5655.02183406114,5262.45200451638,4955.47224278896,4807.90246698151,4662.72347535505,2565.25065307871
166.5,363.515,5053.26200114904,5071.2910193294,4857.75382946174,5535.56948583221,5745.95484301773,5722.70742358079,5169.12699965063,4833.86953525864,4823.97704437592,4536.70843776107,2540.17086701182
166.2,365.516,5040.78437818079,5073.45759102289,4889.59297847546,5402.51498118408,5851.1280319319,5456.33187772926,5111.09005170379,4858.72577152588,4776.16204923932,4382.28070175439,2460.79904410981
165.9,367.517,5124.12023200082,4867.97796304376,5280.3433399081,5545.61133523961,5879.49672261586,5685.58951965066,5215.2652424835,4756.2021553629,4800.67852850983,4323.52965747703,2487.49131963022
165.6,369.518,5255.04949272718,5060.66753909892,5294.08335031873,5673.64491518403,5650.78625477472,5582.96943231441,5235.40004352329,4681.03113827405,4895.32163999628,4473.32497911445,2521.78889220609
165.3,371.519,5118.96561315547,5183.34369293124,5035.13957013364,5635.98797990626,5380.08469487664,5746.72489082969,5216.95422246048,4822.10628650946,4872.12346155596,4479.18546365915,2580.74937586483
165,373.52,5285.66918501465,5208.60924783081,5017.95791038496,5437.66145411,5582.17836357628,5543.66812227074,5177.74737204262,4800.09391816831,4740.20437423086,4383.23725981621,2434.16036680164
164.7,375.521,5268.18564289018,4915.06715147628,5196.02178760143,5234.31400361004,5873.87546950283,5600.43668122271,5285.28629031459,4783.80170592268,4626.04824467539,4696.77109440267,2494.98942026122
164.4,377.522,5118.7638064345,5051.96598137988,5128.66249792608,5545.61133523961,5716.46950179974,5770.7423580786,5219.02747890364,4898.79143275553,4711.71735739076,4477.83625730994,2621.39339364391
164.1,379.523,5151.65809806318,5016.07694624983,5211.19341739001,5538.07994818406,5679.1223689967,5672.48908296943,5206.18943131678,4884.50725263841,4799.54526745216,4420.31328320802,2586.12282634768
163.8,381.524,4889.38534176216,5213.8860380629,4829.6599421545,5540.59041053591,5627.32213504043,5641.92139737991,5314.2264857486,4529.11798613475,4639.44756290783,4386.70426065163,2521.4673029327
163.5,383.525,4977.81208598935,5027.69649815013,5159.18526423564,5382.43128236927,5659.66696750788,5497.81659388646,5210.42133897336,4769.70748848683,4729.54199508457,4402.65246449457,2552.84589134748
163.2,385.526,5152.0723329115,5106.25388255592,4909.60242107621,5457.74515292481,5806.70094263111,5816.59388646288,5099.54715813257,4910.99159567163,4666.49291906939,4419.70760233918,2628.86171749035
162.9,387.527,5159.10855906248,5159.8602610105,5012.42201583573,5261.92908948041,5857.84964734797,5604.80349344978,5097.00423045296,4745.8580544303,4665.50604028264,4427.23475355054,2492.1776325246
162.6,389.528,5035.85280886914,5162.79573013333,5259.75548672521,5314.64879886929,6042.08416119537,5519.65065502183,5206.33175593388,4806.59292125702,4725.7564972875,4494.40685045948,2495.50980785608
162.3,391.529,5091.47023271858,5134.92673000087,5053.67750297146,5630.96705520256,5729.26120339247,5569.86899563319,5078.87152354778,4895.19328639729,4949.80545428701,4470.47619047619,2629.30468544531
162,393.53,5161.89298590932,5103.528112732,5143.83412771466,5437.66145411,5883.27740562753,5596.06986899563,5175.78797529314,4773.6855602076,4691.4411578091,4469.79532163743,2568.61260519476
161.7,395.531,5212.73816154262,5109.46895074397,5138.69713701518,5447.70330351741,5671.08140687081,5565.50218340611,5225.68845454615,4729.45186457591,4725.48675516823,4550.76441102757,2572.59986978685
161.4,397.532,5149.31977028377,5050.11395863475,5051.02922685177,5405.02544353594,5522.18152258823,5580.78602620087,5166.79755889668,4570.2474383795,4546.67787156912,4358.60902255639,2549.74001957876
161.1,399.533,5138.78748305935,5075.85133695687,4761.80202266697,5405.02544353594,5561.94836440413,5532.75109170306,4979.59716612505,4715.39563967631,4825.48038497863,4342.90309106099,2615.62688960471
160.8,401.534,5280.68450867117,5222.29052177515,5010.75105414792,5274.48140123967,5686.0394431846,5534.93449781659,5103.38055686126,4864.236968672,4800.12340919228,4268.7343358396,2661.60862572514
160.5,403.535,5320.72124051451,5055.44317369156,4852.81629068713,5339.7534223878,5781.24060788958,5631.00436681223,5175.27560667157,4650.62571232444,4662.68439884975,4447.36424394319,2534.99621485044
160.2,405.536,4955.06771095586,5029.82811996047,4898.69019351766,5558.16364699887,5802.05698337721,5399.56331877729,5053.19542837405,4727.89974288244,4721.94797706785,4609.68253968254,2604.15939045235
159.9,407.537,5012.93849133378,5262.47775040903,5085.15763852041,5475.31838938777,5753.42571705913,5390.82969432314,5208.31961760678,4669.47684847426,4721.94797706785,4394.92898913951,2597.81294524915
