step_center,step_sigma,slow_amplitude,slow_decay,fast_amplitude,fast_decay,filename,label,temperature
-3.000249677648715e-14,4.286460075775267e-14,-0.0006864888259343616,2.255670420405711,-0.00011582505509721841,0.07687157367725961,Mattias_FM308-SRO_60degSTAMP_150deg1hr_flake5_30AVG_1Windows_12Harm_001,flake5,150
-1.8129804296004446e-14,2.1098123248464162e-14,-0.0006916793263798127,3.0216932295382035,-0.00009365926277915548,0.11745454012573053,Mattias_FM308-SRO_60degSTAMP_350deg1hr_flake3_30AVG_1Windows_12Harm_001,flake3,350
-1.6824173190778195e-14,1.948663452822075e-14,-0.0005291755112430963,6.554728986210489,-0.00023616407749393886,0.2581634233550061,Mattias_FM308-SRO_60degSTAMP_350deg1hr_flake9_30AVG_1Windows_12Harm_001,flake9,350
-1.931684739055714e-14,3.549716076634013e-14,-0.0007031590440735869,3.583709700437023,-0.0001381202443280216,0.013834711940203803,Mattias_FM308-SRO_60degSTAMP_350deg1hr_flake13_30AVG_1Windows_12Harm_001,flake13,350
-3.2618748796820564e-14,5.5895288397778135e-14,-0.0006701666882751312,3.082793820845972,-0.00016378955224283231,0.03956046076573716,Mattias_FM308-SRO_60degSTAMP_NoHeat_flake20_30AVG_1Windows_12Harm_001,flake20,60
-3.170519802134614e-14,4.7394310698223306e-14,-0.0006484397248236462,2.3964987046744093,-0.0001153865987433278,0.07765160227952128,Mattias_FM308-SRO_60degSTAMP_150deg1hr_flake4_30AVG_1Windows_12Harm_001,flake4,150
-1.5653564767135528e-14,2.3318569297714475e-14,-0.0007020106449555641,2.9608412283569923,-0.00010939323645864363,0.021012978085864997,Mattias_FM308-SRO_60degSTAMP_350deg1hr_flake12_30AVG_1Windows_12Harm_001,flake12,350
-4.8066687640539846e-14,5.570932604115342e-14,-0.0003669087587212516,10.266746774113289,-0.00023109345186611563,0.22015880402422394,Mattias_FM308-SRO_60degSTAMP_750deg1hr_flakeaftersonication5_30AVG_1Windows_12Harm_001,flakeaftersonication5,750
-1.1778560668461125e-14,2.4404367415797878e-14,-0.0004830160416133822,14.327100868535753,-0.00015202266542324594,0.012913134221331557,Mattias_FM308-SRO_60degSTAMP_350deg1hr_doubleflake5_30AVG_1Windows_12Harm_001,doubleflake5,350
-8.964433458336287e-15,1.2123080317394398e-14,-0.00039808685471776073,6.924366248647655,-0.000044370599006526845,0.018048663822135325,Mattias_FM308-SRO_60degSTAMP_550deg1hr_doubleflake3_30AVG_1Windows_12Harm_001,doubleflake3,550
-9.668823521137205e-15,1.2940759575030825e-14,-0.00044018204802043215,4.718508218686976,-0.0000333234638372204,0.020301128716207595,Mattias_FM308-SRO_60degSTAMP_550deg1hr_doubleflake4_30AVG_1Windows_12Harm_001,doubleflake4,550
-2.7505521103519673e-14,4.2684744627763397e-14,-0.0006420232586208385,2.4461808012684143,-0.00013223381995253192,0.04450133245146359,Mattias_FM308-SRO_60degSTAMP_150deg1hr_flake14_30AVG_1Windows_12Harm_001,flake14,150
-1.9428926513859503e-14,3.55443452448867e-14,-0.0006669951927822382,2.7881715267899696,-0.00011967761026276946,0.014094903031881767,Mattias_FM308-SRO_60degSTAMP_350deg1hr_flake18_30AVG_1Windows_12Harm_001,flake18,350
-4.242512497445824e-14,9.632183939345396e-14,-0.00028551898162021416,4.488118051797241,-0.00035729976296927646,0.0452904787744397,Mattias_FM308-SRO_60degSTAMP_150deg1hr_doubleflake1_30AVG_1Windows_12Harm_001,doubleflake1,150
-2.950094757291957e-14,4.9402149038257906e-14,-0.0005513630418860771,3.027374440551907,-0.00016978823494717687,0.042690723740021586,Mattias_FM308-SRO_60degSTAMP_150deg1hr_flake11_30AVG_1Windows_12Harm_001,flake11,150
-7.517246703273264e-15,1.0665357486061566e-14,-0.0004026113924524566,6.520317110235284,-0.00005550867972914375,0.014357980132934989,Mattias_FM308-SRO_60degSTAMP_550deg1hr_doubleflake1_30AVG_1Windows_12Harm_001,doubleflake1,550
-2.292135955110399e-14,3.5086378247228825e-14,-0.0006514987358556823,2.6572631141839578,-0.00015255574785477677,0.03326989909995137,Mattias_FM308-SRO_60degSTAMP_NoHeat_flake3_30AVG_1Windows_12Harm_001,flake3,60
-4.580565714747673e-14,9.425182856404036e-14,-0.00035126547227726235,3.5623517409858887,-0.0003831825820199697,0.04954210762402589,Mattias_FM308-SRO_60degSTAMP_150deg1hr_doubleflake2_30AVG_1Windows_12Harm_001,doubleflake2,150
-2.0582123048651364e-14,2.7064461782799754e-14,-0.0005500451727353806,1.8121295243915976,-0.0000859802533597076,0.11349034709710648,Mattias_FM308-SRO_60degSTAMP_550deg1hr_flake15_30AVG_1Windows_12Harm_001,flake15,550
-2.200118182476954e-14,2.8130830997952216e-14,-0.0006062300702165402,2.034535389009958,-0.00011691101223121336,0.12288166371590492,Mattias_FM308-SRO_60degSTAMP_550deg1hr_flake6_30AVG_1Windows_12Harm_001,flake6,550
-1.92011317761412e-14,2.508271368384385e-14,-0.0005280175202937443,1.8782861395298416,-0.00008168596449209531,0.09298455179674625,Mattias_FM308-SRO_60degSTAMP_550deg1hr_flake10_30AVG_1Windows_12Harm_001,flake10,550
-3.228076687984054e-14,5.74956748877753e-14,-0.0006244992397324012,2.596195078193587,-0.00015094277426896952,0.041276088440212355,Mattias_FM308-SRO_60degSTAMP_150deg1hr_flake18_30AVG_1Windows_12Harm_001,flake18,150
-2.4366486183072947e-14,3.4754976674378215e-14,-0.0005551928869333977,1.9792050760026554,-0.00007983755328844211,0.11341127566851172,Mattias_FM308-SRO_60degSTAMP_550deg1hr_flake14_30AVG_1Windows_12Harm_001,flake14,550
-6.655019715076191e-14,7.449874050990956e-14,-0.00047079490448709294,2.8087619608944756,-0.00016179843125740945,0.15073824850728568,Mattias_FM308-SRO_60degSTAMP_750deg1hr_translucentdoubleflakeaftersonication1_30AVG_1Windows_12Harm_001,translucentdoubleflakeaftersonication1,750
-3.7817675096536385e-14,4.326483615813004e-14,-0.0004865151526995959,2.515208380924668,-0.00011079083335729933,0.10641779677377272,Mattias_FM308-SRO_60degSTAMP_750deg1hr_flakeaftersonication2_40AVG_1Windows_12Harm_001,flakeaftersonication2,750
-2.3261997508634976e-14,3.238798118587738e-14,-0.0005662001434618702,2.214576389850116,-0.00007203882793049843,0.10525477569079777,Mattias_FM308-SRO_60degSTAMP_550deg1hr_flake9_30AVG_1Windows_12Harm_001,flake9,550
-2.7298542051587633e-14,4.1013858975702535e-14,-0.0005458299624514495,1.682043386331747,-0.0000961252834148496,0.12583424379075492,Mattias_FM308-SRO_60degSTAMP_550deg1hr_flake13_30AVG_1Windows_12Harm_001,flake13,550
-4.004315912901212e-14,8.016864949667024e-14,-0.0003578351838200433,3.9178773305167964,-0.00034419665441731695,0.04207450088873399,Mattias_FM308-SRO_60degSTAMP_150deg1hr_doubleflake4_30AVG_1Windows_12Harm_001,doubleflake4,150
-2.2722533730611033e-14,2.9445335059108405e-14,-0.0006526902418979574,2.8134120773799616,-0.00011441731257022525,0.06910857044510377,Mattias_FM308-SRO_60degSTAMP_NoHeat_flake7_30AVG_1Windows_12Harm_001,flake7,60
-5.383460286483606e-14,1.2448320152458338e-13,-0.0003339248613425383,3.2144816878817526,-0.0004170893893693517,0.04932627292808789,Mattias_FM308-SRO_60degSTAMP_NoHeat_doubleflake1_30AVG_1Windows_12Harm_001,doubleflake1,60
-3.0984933965543634e-14,5.108469203207733e-14,-0.0006028708348679856,2.9507806223866915,-0.00015699961528170547,0.04379431497427766,Mattias_FM308-SRO_60degSTAMP_150deg1hr_flake10_30AVG_1Windows_12Harm_001,flake10,150
-1.9504888640327506e-14,2.995215186984979e-14,-0.0007599075741087091,1.3238351920543423,-0.00010065200923392581,0.019157244201409407,Mattias_FM308-SRO_60degSTAMP_350deg1hr_flake2_30AVG_1Windows_12Harm_001,flake2,350
-1.3982775670544082e-13,5.1499360331774825e-14,-0.00004731725782214369,0.5261627074614025,-0.00006173860888480931,0.09328454929222696,Mattias_FM308-SRO_60degSTAMP_750deg1hr_spotty4_50AVG_1Windows_12Harm_001,spotty4,750
-8.027248011605433e-13,1.0475620371153128e-13,-0.000011821622827312694,3.326737225100107,-0.00012147312576438196,0.13689591402575196,Mattias_FM308-SRO_60degSTAMP_750deg1hr_translucentflakeaftersonication3_50AVG_1Windows_12Harm_001,translucentflakeaftersonication3,750
-2.74308385311607e-14,4.1100456371623294e-14,-0.0006167312035891825,2.380847309830081,-0.0001565926645969995,0.05521404099325644,Mattias_FM308-SRO_60degSTAMP_NoHeat_flake15_30AVG_1Windows_12Harm_001,flake15,60
-4.4251186550927596e-14,1.9752532942618472e-14,-0.000029702942102360907,2.3458550892199876,-0.00006675560641866696,0.14171943240081686,Mattias_FM308-SRO_60degSTAMP_750deg1hr_translucentflakeaftersonication1_50AVG_1Windows_12Harm_001,translucentflakeaftersonication1,750
-2.5887403147677208e-14,3.466560372089589e-14,-0.0007599989538888963,12.604279279220552,-0.00004942103123184438,0.08430938107122521,Mattias_FM308-SRO_60degSTAMP_350deg1hr_doubleflake3_30AVG_1Windows_12Harm_001,doubleflake3,350
-2.6150583950699036e-14,3.8613556796462946e-14,-0.000555273646497767,2.0449278829563076,-0.00008276746002522373,0.12364009746118887,Mattias_FM308-SRO_60degSTAMP_550deg1hr_flake19_30AVG_1Windows_12Harm_001,flake19,550
-4.903292283532819e-13,1.005429073330788e-13,-0.00009369635473532867,0.30244629394783784,-0.00004511419825448115,0.06475041681077842,Mattias_FM308-SRO_60degSTAMP_750deg1hr_translucentflakeaftersonication2_50AVG_1Windows_12Harm_001,translucentflakeaftersonication2,750
-1.513383259183937e-14,2.6593172108846375e-14,-0.0007415585724768192,4.406788072702534,-0.0001612003394484418,0.012459501821434182,Mattias_FM308-SRO_60degSTAMP_350deg1hr_flake1_30AVG_1Windows_12Harm_001,flake1,350
-5.5869203608812293e-14,5.863254326499146e-14,-0.00047438751702166826,2.0612615417670717,-0.00014506896149946158,0.09750528222464583,Mattias_FM308-SRO_60degSTAMP_550deg1hr_flake4_30AVG_1Windows_12Harm_001,flake4,550
-1.8432210637293888e-14,3.135103288087748e-14,-0.0006566816756077287,1.980648059485552,-0.00009750332494462555,0.015199614910312409,Mattias_FM308-SRO_60degSTAMP_350deg1hr_flake17_30AVG_1Windows_12Harm_001,flake17,350
-1.617135722043886e-14,2.9015123637066157e-14,-0.0006789266117497306,1.7343025063232045,-0.00012984939968063713,0.010000000125925057,Mattias_FM308-SRO_60degSTAMP_350deg1hr_flake7_30AVG_1Windows_12Harm_001,flake7,350
-2.1836285411138847e-14,2.9857227801244336e-14,-0.0005432295725320557,1.7590503355496028,-0.00008070399663395733,0.09266076885585539,Mattias_FM308-SRO_60degSTAMP_550deg1hr_flake17_30AVG_1Windows_12Harm_001,flake17,550
-2.80420535850633e-14,4.345079851475475e-14,-0.00054727126794063,1.772515680912669,-0.0000849422475077688,0.12144756994340944,Mattias_FM308-SRO_60degSTAMP_550deg1hr_flake12_30AVG_1Windows_12Harm_001,flake12,550
-2.9076603478619784e-14,4.335309888858774e-14,-0.0005166569486654282,2.670284711482394,-0.00016750894424077956,0.15147857328311498,Mattias_FM308-SRO_60degSTAMP_750deg1hr_flake1_30AVG_1Windows_12Harm_001,flake1,750
-2.582083416164492e-14,4.007905118896815e-14,-0.0006372538280920992,3.041396378749134,-0.00013688295836367104,0.038490067995088584,Mattias_FM308-SRO_60degSTAMP_150deg1hr_flake17_30AVG_1Windows_12Harm_001,flake17,150
-2.7094144598914508e-14,3.883449117836335e-14,-0.0006369815076734398,1.6599757513650464,-0.0001197459926327582,0.05729515812789754,Mattias_FM308-SRO_60degSTAMP_NoHeat_flake10_30AVG_1Windows_12Harm_001,flake10,60
-3.106533686903277e-14,4.4206860394524484e-14,-0.0006647327857791652,2.90476116871943,-0.00013060383284724253,0.12525578333183596,Mattias_FM308-SRO_60degSTAMP_NoHeat_flake18_30AVG_1Windows_12Harm_001,flake18,60
-2.6496596687968014e-14,3.6580738438374284e-14,-0.0006386915830951523,3.0251702665618336,-0.00012519115220754884,0.07398206570770105,Mattias_FM308-SRO_60degSTAMP_NoHeat_flake12_30AVG_1Windows_12Harm_001,flake12,60
-2.4431957411096872e-14,4.086619931342739e-14,-0.0006653547078272481,2.765886624838264,-0.0001291935420191237,0.026728061350409282,Mattias_FM308-SRO_60degSTAMP_150deg1hr_flake7_30AVG_1Windows_12Harm_001,flake7,150
-3.5746921482556987e-14,6.032063737393401e-14,-0.0006331418222043084,2.5074741336438198,-0.00014710522821204108,0.056121315204797684,Mattias_FM308-SRO_60degSTAMP_150deg1hr_flake2_30AVG_1Windows_12Harm_001,flake2,150
-2.6407666822912877e-14,3.529898595644454e-14,-0.0006339821046381644,3.1459125996460386,-0.00017374828275329435,0.06485550733587919,Mattias_FM308-SRO_60degSTAMP_NoHeat_flake2_30AVG_1Windows_12Harm_001,flake2,60
-3.29672249259302e-14,5.734746011398783e-14,-0.0005475444726528167,3.424114975251882,-0.0001567446373975656,0.05309447161124292,Mattias_FM308-SRO_60degSTAMP_150deg1hr_flake19_30AVG_1Windows_12Harm_001,flake19,150
-2.830289539262807e-14,4.067746139924111e-14,-0.000695520456567067,2.1207513724408042,-0.00008116917962119885,0.06273033476740975,Mattias_FM308-SRO_60degSTAMP_150deg1hr_flake8_30AVG_1Windows_12Harm_001,flake8,150
-2.0239919969448477e-14,2.947031507716247e-14,-0.0006881888896064225,2.5804406215659843,-0.00008319849830407122,0.027962735722360854,Mattias_FM308-SRO_60degSTAMP_350deg1hr_flake14_30AVG_1Windows_12Harm_001,flake14,350
-2.3329665232057474e-14,3.2947533590288457e-14,-0.000545517423924835,1.9672704108127248,-0.00007642477380009893,0.10577865438008893,Mattias_FM308-SRO_60degSTAMP_550deg1hr_flake11_30AVG_1Windows_12Harm_001,flake11,550
-3.086161110521501e-14,1.4354073485378648e-14,-0.00017500027407990615,0.7134109980061798,-0.00016615849015977346,0.12378976206633241,Mattias_FM308-SRO_60degSTAMP_750deg1hr_flakeaftersonication1_30AVG_1Windows_12Harm_001,flakeaftersonication1,750
-5.972189327796397e-14,6.428635401789506e-14,-0.0004677891045847815,2.6559070022429996,-0.00013854435195526094,0.13589286439206738,Mattias_FM308-SRO_60degSTAMP_750deg1hr_flakeaftersonication6_30AVG_1Windows_12Harm_001,flakeaftersonication6,750
-1.75629869041661e-14,2.0873303085977567e-14,-0.0005431328893923393,3.5536809364458932,-0.0001465048066773278,0.0837408841000773,Mattias_FM308-SRO_60degSTAMP_550deg1hr_flake3_30AVG_1Windows_12Harm_001,flake3,550
-2.7597653150162125e-14,3.7405079034158464e-14,-0.0007322982694546454,0.8225684440362242,-0.000026464171847706552,0.04054224135545392,Mattias_FM308-SRO_60degSTAMP_750deg1hr_flakeaftersonication7_30AVG_1Windows_12Harm_001,flakeaftersonication7,750
-2.1594402235797936e-14,3.8684611070038954e-14,-0.0006786109113008365,4.120910315568561,-0.00012966541059356018,0.0176929834571542,Mattias_FM308-SRO_60degSTAMP_350deg1hr_flake19_30AVG_1Windows_12Harm_001,flake19,350
-1.609729458520741e-14,2.834676937624181e-14,-0.0005769314595713837,2.362441281672653,-0.00012297031684660453,0.01999065878739059,Mattias_FM308-SRO_60degSTAMP_350deg1hr_flake4_30AVG_1Windows_12Harm_001,flake4,350
-2.8870820395850237e-14,4.254763208422219e-14,-0.0006644975467775538,2.6306943099846563,-0.00015697318487539746,0.05363943272422467,Mattias_FM308-SRO_60degSTAMP_NoHeat_flake13_30AVG_1Windows_12Harm_001,flake13,60
-7.602795829879699e-15,1.5143442055887136e-14,-0.0004707538554242774,3.82625595670055,-0.00014545613800187596,0.010073892154095265,Mattias_FM308-SRO_60degSTAMP_350deg1hr_doubleflake1_30AVG_1Windows_12Harm_001,doubleflake1,350
-2.955482242524158e-14,4.3149372963569025e-14,-0.0006834785602727322,2.549658398232509,-0.000093513081923291,0.06800862067914104,Mattias_FM308-SRO_60degSTAMP_150deg1hr_flake3_30AVG_1Windows_12Harm_001,flake3,150
-2.6246601674960234e-14,6.169009747480913e-14,-0.0003574386515303729,19.929551281741674,-0.0002509549679938772,0.026346171785723405,Mattias_FM308-SRO_60degSTAMP_NoHeat_doubleflake2_30AVG_1Windows_12Harm_001,doubleflake2,60
-2.7704495283818576e-14,4.4556580647281406e-14,-0.000685372635610193,2.7430358156252743,-0.00013385762682460722,0.03434134171683145,Mattias_FM308-SRO_60degSTAMP_150deg1hr_flake1_30AVG_1Windows_12Harm_001,flake1,150
-2.4522801382015625e-14,3.640088230838501e-14,-0.0006575125679493254,3.4856952020531455,-0.00014491750137146653,0.041024482926616423,Mattias_FM308-SRO_60degSTAMP_NoHeat_flake8_30AVG_1Windows_12Harm_001,flake8,60
-2.5125795092773143e-14,3.540223669773468e-14,-0.0005823454714430909,2.272914194239439,-0.00011293339946405467,0.07597604417291404,Mattias_FM308-SRO_60degSTAMP_NoHeat_flake16_30AVG_1Windows_12Harm_001,flake16,60
-2.7844485180017457e-14,4.751421478488283e-14,-0.000624769650695356,2.9207612231085207,-0.00015994304075839239,0.034295076742344444,Mattias_FM308-SRO_60degSTAMP_150deg1hr_flake20_30AVG_1Windows_12Harm_001,flake20,150
-2.1950240197913038e-14,2.7178814754336145e-14,-0.0006944515125422157,2.887153433800205,-0.0001155701970638745,0.0894096075081896,Mattias_FM308-SRO_60degSTAMP_NoHeat_flake1_30AVG_1Windows_12Harm_001,flake1,60
-3.171258195165449e-14,5.066058683667052e-14,-0.0006909616828973952,3.2633812423297246,-0.00015342967330589374,0.044407794649439,Mattias_FM308-SRO_60degSTAMP_NoHeat_flake19_30AVG_1Windows_12Harm_001,flake19,60
-2.0218017095367716e-14,2.5643931422791868e-14,-0.0004739027431739373,6.352901745072914,-0.00023993990633996987,0.2089606107271058,Mattias_FM308-SRO_60degSTAMP_550deg1hr_flake5_30AVG_1Windows_12Harm_001,flake5,550
-3.833911507223394e-14,6.643519068205705e-14,-0.0005260663283124245,0.8063936258155335,-0.0002147695303111874,0.05572763472874542,Mattias_FM308-SRO_60degSTAMP_150deg1hr_doubleflake3_30AVG_1Windows_12Harm_001,doubleflake3,150
-1.778427491841769e-14,2.227329432002989e-14,-0.0005181699124445771,2.43250091115884,-0.00011438519924134027,0.14841874344654538,Mattias_FM308-SRO_60degSTAMP_750deg1hr_flakeaftersonication10_30AVG_1Windows_12Harm_001,flakeaftersonication10,750
-2.3808964163884994e-14,3.189282171689456e-14,-0.0006769788964948731,2.793026113153891,-0.00008489259900912316,0.07326467678635962,Mattias_FM308-SRO_60degSTAMP_350deg1hr_flake20_30AVG_1Windows_12Harm_001,flake20,350
-1.7077621390021447e-14,2.0295432001660175e-14,-0.0005988812338912908,1.3660669865134523,-0.00009054631043170502,0.08985773840488531,Mattias_FM308-SRO_60degSTAMP_750deg1hr_flakeaftersonication8_30AVG_1Windows_12Harm_SINGLEDIODE,flakeaftersonication8,750
-1.9615918915156765e-14,2.465638804238779e-14,-0.0005184182260631331,3.603764943609358,-0.00016464574361485518,0.17056131975159183,Mattias_FM308-SRO_60degSTAMP_750deg1hr_flakeaftersonication9_30AVG_1Windows_12Harm_001,flakeaftersonication9,750
-3.212935712993682e-14,4.9124038170589304e-14,-0.0005824437933821258,3.0371130940821063,-0.0001660043159272817,0.06907502016888656,Mattias_FM308-SRO_60degSTAMP_150deg1hr_flake12_30AVG_1Windows_12Harm_001,flake12,150
-6.995995684578937e-14,7.935152535054613e-14,-0.0006674287831955894,2.6460312126100773,-0.00007155883069920321,0.07264395822953462,Mattias_FM308-SRO_60degSTAMP_350deg1hr_flake6_30AVG_1Windows_12Harm_001,flake6,350
-6.858731605586152e-14,7.618405906129056e-14,-0.0006265712438189297,1.8388818460134604,-0.00009593904627536176,0.08480687426262401,Mattias_FM308-SRO_60degSTAMP_550deg1hr_flake2_30AVG_1Windows_12Harm_001,flake2,550
-1.3989360478206257e-14,1.623590151211829e-14,-0.00047127424857862366,2.30703483839997,-0.00012426931608544578,0.1320577495102968,Mattias_FM308-SRO_60degSTAMP_750deg1hr_flakeaftersonication3_30AVG_1Windows_12Harm_001,flakeaftersonication3,750
-3.249027343011071e-14,7.093325926632587e-14,-0.0006774768268016373,2.3731571596740086,-0.00010167320578524652,0.01916721625859963,Mattias_FM308-SRO_60degSTAMP_350deg1hr_flake5_30AVG_1Windows_12Harm_001,flake5,350
-2.63867818739852e-14,4.020062061016461e-14,-0.0006607230213759863,2.6422407277088396,-0.00011016126015128691,0.04252172762008488,Mattias_FM308-SRO_60degSTAMP_150deg1hr_flake16_30AVG_1Windows_12Harm_001,flake16,150
-1.9653473118453103e-14,3.753386490501498e-14,-0.000666090997867741,2.1001101270740414,-0.00011714721051880872,0.012052388715104279,Mattias_FM308-SRO_60degSTAMP_350deg1hr_flake16_30AVG_1Windows_12Harm_001,flake16,350
-2.394556024556405e-14,3.165134820903859e-14,-0.0006842410281269196,2.6812022923197087,-0.00012571505409297856,0.06128174450420776,Mattias_FM308-SRO_60degSTAMP_NoHeat_flake6_30AVG_1Windows_12Harm_001,flake6,60
-2.666926128542573e-14,3.977929097231936e-14,-0.0005613656580134574,1.7714323035126833,-0.00007857528478361075,0.11782041992950898,Mattias_FM308-SRO_60degSTAMP_550deg1hr_flake18_30AVG_1Windows_12Harm_001,flake18,550
-2.4802040366346037e-14,3.2810421046747255e-14,-0.0006270446101552807,3.1119866509778022,-0.00014153538403149923,0.07516245132492982,Mattias_FM308-SRO_60degSTAMP_NoHeat_flake5_30AVG_1Windows_12Harm_001,flake5,60
-2.5118173988276478e-14,3.577138585342254e-14,-0.0005611655241573033,1.9407856186216728,-0.00009313186481740843,0.11658640670146148,Mattias_FM308-SRO_60degSTAMP_550deg1hr_flake16_30AVG_1Windows_12Harm_001,flake16,550
-9.993479998839958e-14,4.8387960305262826e-14,-0.0000291589997694075,0.5111477889275635,-0.00005854433431906614,0.07640247906537345,Mattias_FM308-SRO_60degSTAMP_750deg1hr_spotty3_50AVG_1Windows_12Harm_001,spotty3,750
-1.1582003968170162e-14,1.2830847495592935e-14,-0.0005339925139331569,1.742865393048047,-8.506194255630817e-7,0.035791437008503735,Mattias_FM308-SRO_60degSTAMP_750deg1hr_doubleflakeaftersonication1_30AVG_1Windows_12Harm_001,doubleflakeaftersonication1,750
-2.5490633618713964e-14,3.7189695767381184e-14,-0.0005714265384693107,2.220883082381116,-0.00006916188214312058,0.10274360085924528,Mattias_FM308-SRO_60degSTAMP_550deg1hr_flake20_30AVG_1Windows_12Harm_001,flake20,550
-2.282916729398475e-14,3.134770221180361e-14,-0.00040644058269201366,4.527407793397008,-0.00021187820693668868,0.2473638481267455,Mattias_FM308-SRO_60degSTAMP_550deg1hr_flake8_30AVG_1Windows_12Harm_001,flake8,550
-3.125398240401911e-14,4.5515813340557546e-14,-0.0006916122910674005,2.4270936290933856,-0.00010943817284747581,0.08650840854598663,Mattias_FM308-SRO_60degSTAMP_NoHeat_flake17_30AVG_1Windows_12Harm_001,flake17,60
-1.5745935126166818e-14,2.6382784845679906e-14,-0.0007204788783852223,3.793884316063903,-0.00014469340089817706,0.0143516060129949,Mattias_FM308-SRO_60degSTAMP_350deg1hr_flake8_30AVG_1Windows_12Harm_001,flake8,350
-9.261290641942804e-15,1.1853296122410484e-14,-0.0004328261213295548,5.734146262034591,-0.00003479140654683022,0.020723098283841335,Mattias_FM308-SRO_60degSTAMP_550deg1hr_doubleflake2_30AVG_1Windows_12Harm_001,doubleflake2,550
-1.1927122020271157e-14,2.2819524048145467e-14,-0.00048307010594328403,5.607645513449632,-0.00015591362645039908,0.01392090263162693,Mattias_FM308-SRO_60degSTAMP_350deg1hr_doubleflake4_30AVG_1Windows_12Harm_001,doubleflake4,350
-1.0413325174916846e-14,1.5041856649133935e-14,-0.00045829179610024084,9.917568666311295,-0.00009638305488657295,0.03053400795951,Mattias_FM308-SRO_60degSTAMP_350deg1hr_doubleflake2_30AVG_1Windows_12Harm_001,doubleflake2,350
-2.6555119104192487e-14,3.9883651936634125e-14,-0.0006763378171825707,3.099935916693693,-0.00014604311584953678,0.043567599295094794,Mattias_FM308-SRO_60degSTAMP_NoHeat_flake4_30AVG_1Windows_12Harm_001,flake4,60
-1.6910342555605895e-14,1.9728663147589034e-14,-0.0005560788113250226,2.6732888315500576,-0.0001456869668032823,0.08034752135365553,Mattias_FM308-SRO_60degSTAMP_550deg1hr_flake1_30AVG_1Windows_12Harm_001,flake1,550
-6.440338224128523e-14,7.29905025309563e-14,-0.00040122885118343277,1.8279560592205204,-0.00011639147557929164,0.13059061106002723,Mattias_FM308-SRO_60degSTAMP_750deg1hr_flakeaftersonication4_30AVG_1Windows_12Harm_001,flakeaftersonication4,750
-3.184684570329786e-14,5.5167537205136344e-14,-0.0006110506396552751,3.450752817536421,-0.00014919552111791745,0.041159219406107006,Mattias_FM308-SRO_60degSTAMP_150deg1hr_flake6_30AVG_1Windows_12Harm_001,flake6,150
-2.5635908654742217e-14,4.180489288074796e-14,-0.0006464678976065841,3.146870887401033,-0.00012177154003012447,0.03332178295552213,Mattias_FM308-SRO_60degSTAMP_150deg1hr_flake15_30AVG_1Windows_12Harm_001,flake15,150
-1.5201604990005305e-14,2.5084379018380787e-14,-0.0006638765665041291,2.9743716598680168,-0.00011957022349129431,0.015272982549251912,Mattias_FM308-SRO_60degSTAMP_350deg1hr_flake15_30AVG_1Windows_12Harm_001,flake15,350
-2.2205884950457506e-14,3.0961899710746365e-14,-0.0006839530901263657,2.8078313686441865,-0.00011562687137711691,0.04271971316834211,Mattias_FM308-SRO_60degSTAMP_NoHeat_flake9_30AVG_1Windows_12Harm_001,flake9,60
-2.6278114432303893e-14,4.0308312243553246e-14,-0.0005805045455922198,2.696811166486402,-0.00010792571014839325,0.05154437061812445,Mattias_FM308-SRO_60degSTAMP_150deg1hr_flake13_30AVG_1Windows_12Harm_001,flake13,150
-2.7078858367368977e-14,3.813449556133719e-14,-0.0006160373061714353,2.416566332887253,-0.00010532204904123432,0.1384410496757822,Mattias_FM308-SRO_60degSTAMP_550deg1hr_flake7_30AVG_1Windows_12Harm_001,flake7,550
-6.074852192784724e-14,2.960298672860517e-14,-0.00003514687094963165,0.40298452031250553,-0.00005354858722661504,0.07617797520175928,Mattias_FM308-SRO_60degSTAMP_750deg1hr_spotty2_50AVG_1Windows_12Harm_001,spotty2,750
-2.7025585904364978e-14,3.6227687516543483e-14,-0.0007976281717922973,9.225555236403961,-0.00004668724569611982,0.10318074288979817,Mattias_FM308-SRO_60degSTAMP_750deg1hr_doubleflakeaftersonication2_30AVG_1Windows_12Harm_001,doubleflakeaftersonication2,750
-3.259843647525246e-14,6.602274282840882e-14,-0.00030962205502049756,0.7808753488181213,-0.00024309471971228902,0.041633738909280904,Mattias_FM308-SRO_60degSTAMP_NoHeat_doubleflake4_30AVG_1Windows_12Harm_001,doubleflake4,60
-1.3166392575579156e-13,1.3724021918903874e-13,-0.000057579669011431633,0.1673417691746547,-0.000032942430570059855,0.012056534670903174,Mattias_FM308-SRO_60degSTAMP_750deg1hr_spotty1_30AVG_1Windows_12Harm_001,spotty1,750
-4.6148489089085947e-14,7.248202038567797e-14,-0.0005745849801641612,19.645361179259638,-0.0002878779051727065,0.07300594186096498,Mattias_FM308-SRO_60degSTAMP_NoHeat_doubleflake3_30AVG_1Windows_12Harm_001,doubleflake3,60
-2.7274800594887544e-14,3.7764791294137016e-14,-0.0006849839326541485,3.105054281316294,-0.00010975801845347632,0.07074030763793648,Mattias_FM308-SRO_60degSTAMP_NoHeat_flake11_30AVG_1Windows_12Harm_001,flake11,60
-2.5746893219570827e-14,4.319489210757865e-14,-0.0006255074336447564,2.499597387879882,-0.00015584913363397845,0.031126835961686083,Mattias_FM308-SRO_60degSTAMP_150deg1hr_flake9_30AVG_1Windows_12Harm_001,flake9,150
-2.0414544932018385e-14,3.2260305538045485e-14,-0.0006070843874432796,3.3035889288624074,-0.0001147138326658137,0.02824115136021832,Mattias_FM308-SRO_60degSTAMP_350deg1hr_flake11_30AVG_1Windows_12Harm_001,flake11,350
-1.3750503367774081e-14,2.279565425311603e-14,-0.00068725654320545,3.1849540181033067,-0.0001374621719545388,0.0135866197147676,Mattias_FM308-SRO_60degSTAMP_350deg1hr_flake10_30AVG_1Windows_12Harm_001,flake10,350
